date,关键词,日期_x,PC+移动端,PC端,移动端,日期_y,最高温,最低温,天气1,天气2,风向,风力,空气质量,质量等级
32,冰雪大世界,20231101,1228,344,884,2023-11-01 周三,4.0,-1.0,3,2,1,1,45,1
33,冰雪大世界,20231102,1024,357,667,2023-11-02 周四,12.0,-4.0,4,2,6,2,72,2
34,冰雪大世界,20231103,1043,288,755,2023-11-03 周五,0.0,-9.0,2,1,8,3,31,1
35,冰雪大世界,20231104,938,173,765,2023-11-04 周六,0.0,-3.0,3,2,2,3,36,1
36,冰雪大世界,20231105,1045,197,848,2023-11-05 周日,1.0,-3.0,3,7,2,3,42,1
37,冰雪大世界,20231106,1698,720,978,2023-11-06 周一,-2.0,-9.0,12,10,2,5,37,1
38,冰雪大世界,20231107,1446,533,913,2023-11-07 周二,-5.0,-17.0,8,2,7,2,29,1
39,冰雪大世界,20231108,1434,513,921,2023-11-08 周三,-5.0,-15.0,11,2,4,2,61,2
40,冰雪大世界,20231109,1422,524,898,2023-11-09 周四,-3.0,-18.0,8,1,6,2,60,2
41,冰雪大世界,20231110,1347,422,925,2023-11-10 周五,-5.0,-15.0,8,2,7,3,43,1
42,冰雪大世界,20231111,1088,204,884,2023-11-11 周六,-7.0,-15.0,8,1,6,2,53,2
43,冰雪大世界,20231112,1122,218,904,2023-11-12 周日,-7.0,-11.0,8,1,6,2,79,2
44,冰雪大世界,20231113,1471,549,922,2023-11-13 周一,-3.0,-12.0,8,1,6,3,50,1
45,冰雪大世界,20231114,1541,577,964,2023-11-14 周二,0.0,-12.0,8,2,5,2,97,2
46,冰雪大世界,20231115,1463,561,902,2023-11-15 周三,0.0,-7.0,8,8,6,2,127,3
47,冰雪大世界,20231116,1455,549,906,2023-11-16 周四,0.0,-10.0,10,2,6,3,151,4
48,冰雪大世界,20231117,1434,499,935,2023-11-17 周五,-3.0,-7.0,3,9,8,2,44,1
49,冰雪大世界,20231118,1132,220,912,2023-11-18 周六,-3.0,-9.0,2,2,6,2,35,1
50,冰雪大世界,20231119,1215,257,958,2023-11-19 周日,-1.0,-11.0,3,1,8,3,41,1
51,冰雪大世界,20231120,1786,656,1130,2023-11-20 周一,3.0,-1.0,2,1,6,4,47,1
52,冰雪大世界,20231121,1706,606,1100,2023-11-21 周二,4.0,-8.0,4,2,6,2,67,2
53,冰雪大世界,20231122,1772,620,1152,2023-11-22 周三,0.0,-9.0,12,10,2,4,77,2
54,冰雪大世界,20231123,1546,549,997,2023-11-23 周四,-8.0,-22.0,8,1,1,4,21,1
55,冰雪大世界,20231124,1622,521,1101,2023-11-24 周五,-11.0,-21.0,3,1,7,3,27,1
56,冰雪大世界,20231125,1268,257,1011,2023-11-25 周六,-12.0,-23.0,3,2,6,2,38,1
57,冰雪大世界,20231126,1346,259,1087,2023-11-26 周日,-12.0,-19.0,4,2,2,1,80,2
58,冰雪大世界,20231127,1935,791,1144,2023-11-27 周一,-12.0,-22.0,2,2,1,1,116,3
59,冰雪大世界,20231128,1659,692,967,2023-11-28 周二,-13.0,-21.0,4,1,6,2,70,2
60,冰雪大世界,20231129,1743,727,1016,2023-11-29 周三,-13.0,-20.0,3,1,7,3,39,1
61,冰雪大世界,20231130,1761,772,989,2023-11-30 周四,-11.0,-22.0,3,1,6,3,38,1
62,冰雪大世界,20231201,1838,709,1129,2023-12-01 周五,-8.0,-17.0,8,1,6,2,70,2
63,冰雪大世界,20231202,1515,360,1155,2023-12-02 周六,-5.0,-17.0,8,1,6,2,71,2
64,冰雪大世界,20231203,1541,285,1256,2023-12-03 周日,-4.0,-13.0,8,1,5,4,63,2
65,冰雪大世界,20231204,1963,864,1099,2023-12-04 周一,0.0,-14.0,8,2,6,3,56,2
66,冰雪大世界,20231205,1976,760,1216,2023-12-05 周二,3.0,-8.0,8,2,5,4,134,3
67,冰雪大世界,20231206,1984,844,1140,2023-12-06 周三,-2.0,-18.0,8,2,6,3,27,1
68,冰雪大世界,20231207,1802,768,1034,2023-12-07 周四,-8.0,-15.0,8,2,6,2,34,1
69,冰雪大世界,20231208,1716,696,1020,2023-12-08 周五,2.0,-15.0,2,2,6,3,85,2
70,冰雪大世界,20231209,1284,309,975,2023-12-09 周六,-12.0,-21.0,3,1,7,3,29,1
71,冰雪大世界,20231210,1484,307,1177,2023-12-10 周日,-15.0,-25.0,3,1,7,3,39,1
72,冰雪大世界,20231211,1939,905,1034,2023-12-11 周一,-17.0,-25.0,2,1,1,1,56,2
73,冰雪大世界,20231212,1774,851,923,2023-12-12 周二,-16.0,-26.0,8,1,8,1,65,2
74,冰雪大世界,20231213,1914,810,1104,2023-12-13 周三,-14.0,-25.0,3,1,2,1,124,3
75,冰雪大世界,20231214,2450,871,1579,2023-12-14 周四,-17.0,-23.0,2,2,2,2,68,2
76,冰雪大世界,20231215,2475,864,1611,2023-12-15 周五,-17.0,-20.0,3,2,1,3,35,1
77,冰雪大世界,20231216,2046,391,1655,2023-12-16 周六,-18.0,-25.0,8,2,8,3,42,1
78,冰雪大世界,20231217,2237,420,1817,2023-12-17 周日,-19.0,-27.0,3,1,6,3,33,1
79,冰雪大世界,20231218,3969,1040,2929,2023-12-18 周一,-18.0,-27.0,3,1,6,1,90,2
80,冰雪大世界,20231219,4247,1193,3054,2023-12-19 周二,-20.0,-29.0,2,2,1,2,130,3
81,冰雪大世界,20231220,5039,1404,3635,2023-12-20 周三,-21.0,-29.0,3,2,6,2,78,2
82,冰雪大世界,20231221,5353,1285,4068,2023-12-21 周四,-19.0,-29.0,2,1,6,2,101,3
83,冰雪大世界,20231222,4085,928,3157,2023-12-22 周五,-15.0,-23.0,3,1,6,3,100,2
84,冰雪大世界,20231223,3250,516,2734,2023-12-23 周六,-10.0,-20.0,3,1,6,2,106,3
85,冰雪大世界,20231224,2934,563,2371,2023-12-24 周日,-12.0,-22.0,3,1,6,3,89,2
86,冰雪大世界,20231225,3236,941,2295,2023-12-25 周一,-10.0,-16.0,2,8,5,3,113,3
87,冰雪大世界,20231226,3218,876,2342,2023-12-26 周二,-16.0,-19.0,3,1,8,2,98,2
88,冰雪大世界,20231227,3052,855,2197,2023-12-27 周三,-8.0,-16.0,2,1,6,3,126,3
89,冰雪大世界,20231228,3130,854,2276,2023-12-28 周四,-6.0,-15.0,8,1,6,2,99,2
90,冰雪大世界,20231229,3467,849,2618,2023-12-29 周五,-5.0,-14.0,8,2,6,2,120,3
91,冰雪大世界,20231230,3248,399,2849,2023-12-30 周六,-10.0,-17.0,8,8,2,3,210,5
92,冰雪大世界,20231231,3495,532,2963,2023-12-31 周日,-16.0,-23.0,1,2,1,2,36,1
93,冰雪大世界,20240101,3069,490,2579,2024-01-01 周一,-9.0,-18.0,1,2,6,3,87,2
94,冰雪大世界,20240102,2829,914,1915,2024-01-02 周二,-11.0,-20.0,1,1,6,1,137,3
95,冰雪大世界,20240103,3583,985,2598,2024-01-03 周三,-9.0,-18.0,1,2,6,2,145,3
96,冰雪大世界,20240104,3927,1017,2910,2024-01-04 周四,-4.0,-11.0,1,10,5,3,67,2
97,冰雪大世界,20240105,5494,1067,4427,2024-01-05 周五,-10.0,-21.0,8,2,7,3,50,1
98,冰雪大世界,20240106,9699,704,8995,2024-01-06 周六,-15.0,-26.0,2,1,6,2,104,3
99,冰雪大世界,20240107,6540,602,5938,2024-01-07 周日,-14.0,-25.0,1,1,7,2,64,2
100,冰雪大世界,20240108,10539,986,9553,2024-01-08 周一,-10.0,-26.0,3,1,6,3,48,1
101,冰雪大世界,20240109,8943,902,8041,2024-01-09 周二,-13.0,-23.0,8,1,6,1,76,2
102,冰雪大世界,20240110,8537,875,7662,2024-01-10 周三,-7.0,-10.0,3,8,6,4,66,2
103,冰雪大世界,20240111,7235,883,6352,2024-01-11 周四,-11.0,-26.0,8,2,8,3,67,2
104,冰雪大世界,20240112,8274,822,7452,2024-01-12 周五,-13.0,-29.0,4,2,8,1,70,2
105,冰雪大世界,20240113,7028,395,6633,2024-01-13 周六,-13.0,-17.0,2,8,5,2,150,3
106,冰雪大世界,20240114,5234,436,4798,2024-01-14 周日,-11.0,-23.0,3,1,8,3,66,2
107,冰雪大世界,20240115,8112,870,7242,2024-01-15 周一,-11.0,-23.0,2,1,6,2,43,1
108,冰雪大世界,20240116,6507,794,5713,2024-01-16 周二,-5.0,-11.0,3,1,6,4,68,2
109,冰雪大世界,20240117,7152,741,6411,2024-01-17 周三,-7.0,-21.0,4,1,7,2,79,2
110,冰雪大世界,20240118,6943,575,6368,2024-01-18 周四,-10.0,-27.0,3,1,8,1,67,2
111,冰雪大世界,20240119,7017,578,6439,2024-01-19 周五,-15.0,-27.0,2,1,8,2,114,3
112,冰雪大世界,20240120,6494,332,6162,2024-01-20 周六,-17.0,-22.0,3,8,2,3,58,2
113,冰雪大世界,20240121,4357,349,4008,2024-01-21 周日,-19.0,-22.0,3,9,1,2,34,1
114,冰雪大世界,20240122,6527,582,5945,2024-01-22 周一,-19.0,-31.0,3,1,8,3,30,1
115,冰雪大世界,20240123,5460,572,4888,2024-01-23 周二,-16.0,-24.0,8,2,6,2,94,2
116,冰雪大世界,20240124,2491,478,2013,2024-01-24 周三,-14.0,-26.0,3,1,8,2,50,1
117,冰雪大世界,20240125,2318,515,1803,2024-01-25 周四,-9.0,-24.0,2,2,5,2,133,3
118,冰雪大世界,20240126,2122,403,1719,2024-01-26 周五,-10.0,-23.0,2,2,8,1,245,5
119,冰雪大世界,20240127,1840,262,1578,2024-01-27 周六,-10.0,-23.0,2,1,6,1,305,6
120,冰雪大世界,20240128,1753,247,1506,2024-01-28 周日,-7.0,-20.0,2,2,5,2,167,4
121,冰雪大世界,20240129,1820,419,1401,2024-01-29 周一,-14.0,-27.0,4,1,8,2,97,2
122,冰雪大世界,20240130,1785,433,1352,2024-01-30 周二,-15.0,-23.0,2,8,2,2,97,2
123,冰雪大世界,20240131,1623,330,1293,2024-01-31 周三,-16.0,-28.0,2,1,8,3,62,2
124,冰雪大世界,20240201,1578,386,1192,2024-02-01 周四,-16.0,-25.0,3,1,6,2,54,2
125,冰雪大世界,20240202,1501,310,1191,2024-02-02 周五,-13.0,-28.0,2,1,6,1,102,3
126,冰雪大世界,20240203,1438,209,1229,2024-02-03 周六,-11.0,-27.0,2,1,6,2,194,4
127,冰雪大世界,20240204,1695,378,1317,2024-02-04 周日,-10.0,-27.0,2,1,6,2,138,3
128,冰雪大世界,20240205,1556,318,1238,2024-02-05 周一,-13.0,-24.0,2,2,2,2,174,4
129,冰雪大世界,20240206,1529,276,1253,2024-02-06 周二,-9.0,-25.0,3,1,8,2,83,2
130,冰雪大世界,20240207,1447,251,1196,2024-02-07 周三,-7.0,-23.0,2,1,6,2,187,4
131,冰雪大世界,20240208,1487,220,1267,2024-02-08 周四,-5.0,-22.0,2,1,6,2,164,4
132,冰雪大世界,20240209,1184,157,1027,2024-02-09 周五,-4.0,-18.0,2,2,5,1,188,4
133,冰雪大世界,20240210,1526,168,1358,2024-02-10 周六,-6.0,-14.0,2,2,6,2,425,6
134,冰雪大世界,20240211,1891,146,1745,2024-02-11 周日,-2.0,-12.0,2,1,6,2,125,3
135,冰雪大世界,20240212,1927,154,1773,2024-02-12 周一,3.0,2.0,3,1,6,5,61,2
136,冰雪大世界,20240213,3253,307,2946,2024-02-13 周二,5.0,-6.0,2,1,6,4,78,2
137,冰雪大世界,20240214,3310,296,3014,2024-02-14 周三,-2.0,-17.0,3,1,8,3,28,1
138,冰雪大世界,20240215,2417,315,2102,2024-02-15 周四,-7.0,-17.0,3,1,7,2,31,1
139,冰雪大世界,20240216,1742,228,1514,2024-02-16 周五,1.0,-2.0,2,2,5,4,45,1
140,冰雪大世界,20240217,1416,225,1191,2024-02-17 周六,5.0,3.0,2,2,6,4,46,1
141,冰雪大世界,20240218,1364,354,1010,2024-02-18 周日,4.0,-11.0,10,8,6,3,35,1
142,冰雪大世界,20240219,1353,383,970,2024-02-19 周一,-9.0,-18.0,3,1,8,3,24,1
143,冰雪大世界,20240220,1216,288,928,2024-02-20 周二,-13.0,-23.0,3,1,7,3,27,1
144,冰雪大世界,20240221,1180,271,909,2024-02-21 周三,-10.0,-21.0,3,1,7,2,29,1
145,冰雪大世界,20240222,1152,248,904,2024-02-22 周四,-8.0,-19.0,3,1,7,2,35,1
146,冰雪大世界,20240223,1156,274,882,2024-02-23 周五,-4.0,-17.0,3,1,7,1,55,2
147,冰雪大世界,20240224,1045,159,886,2024-02-24 周六,-3.0,-14.0,2,2,6,1,88,2
148,冰雪大世界,20240225,1075,188,887,2024-02-25 周日,-2.0,-15.0,2,1,8,2,147,3
149,冰雪大世界,20240226,1059,248,811,2024-02-26 周一,-5.0,-18.0,3,1,8,2,32,1
150,冰雪大世界,20240227,1022,226,796,2024-02-27 周二,-4.0,-9.0,3,8,4,2,66,2
151,冰雪大世界,20240228,1001,228,773,2024-02-28 周三,-5.0,-15.0,3,2,8,2,54,2
152,冰雪大世界,20240229,1072,257,815,2024-02-29 周四,-6.0,-13.0,8,8,6,3,62,2
153,冰雪大世界,20240301,708,202,506,2024-03-01 周五,-9.0,-17.0,3,1,8,3,31,1
154,冰雪大世界,20240302,635,144,491,2024-03-02 周六,-8.0,-17.0,3,1,6,2,35,1
155,冰雪大世界,20240303,723,158,565,2024-03-03 周日,-6.0,-16.0,3,1,7,2,45,1
156,冰雪大世界,20240304,594,201,393,2024-03-04 周一,-3.0,-12.0,3,1,7,2,39,1
157,冰雪大世界,20240305,607,193,414,2024-03-05 周二,-1.0,-14.0,3,1,7,2,46,1
158,冰雪大世界,20240306,584,186,398,2024-03-06 周三,0.0,-14.0,3,1,6,2,46,1
159,冰雪大世界,20240307,607,233,374,2024-03-07 周四,1.0,-11.0,4,2,6,1,60,2
160,冰雪大世界,20240308,469,110,359,2024-03-08 周五,-3.0,-14.0,3,1,8,3,32,1
161,冰雪大世界,20240309,494,120,374,2024-03-09 周六,1.0,-13.0,1,1,6,2,46,1
162,冰雪大世界,20240310,580,112,468,2024-03-10 周日,4.0,-7.0,4,1,6,2,76,2
163,冰雪大世界,20240311,542,182,360,2024-03-11 周一,3.0,-7.0,3,1,8,2,78,2
164,冰雪大世界,20240312,534,188,346,2024-03-12 周二,4.0,-5.0,2,1,6,2,43,1
165,冰雪大世界,20240313,617,190,427,2024-03-13 周三,6.0,-2.0,1,2,7,1,52,2
166,冰雪大世界,20240314,592,180,412,2024-03-14 周四,8.0,0.0,2,2,6,2,43,1
167,冰雪大世界,20240315,479,159,320,2024-03-15 周五,6.0,-5.0,2,2,8,4,42,1
168,冰雪大世界,20240316,548,133,415,2024-03-16 周六,1.0,-6.0,10,8,3,3,30,1
169,冰雪大世界,20240317,622,123,499,2024-03-17 周日,1.0,-8.0,1,1,8,3,25,1
170,冰雪大世界,20240318,540,179,361,2024-03-18 周一,1.0,-8.0,2,1,2,2,29,1
171,冰雪大世界,20240319,470,179,291,2024-03-19 周二,3.0,-7.0,3,2,7,1,38,1
172,冰雪大世界,20240320,454,163,291,2024-03-20 周三,3.0,-8.0,2,1,8,2,30,1
173,冰雪大世界,20240321,489,219,270,2024-03-21 周四,4.0,-5.0,1,1,4,2,47,1
174,冰雪大世界,20240322,396,150,246,2024-03-22 周五,6.0,-3.0,2,7,4,3,41,1
175,冰雪大世界,20240323,360,97,263,2024-03-23 周六,5.0,-6.0,7,1,6,3,56,2
176,冰雪大世界,20240324,439,106,333,2024-03-24 周日,5.0,-5.0,1,1,7,2,28,1
177,冰雪大世界,20240325,385,125,260,2024-03-25 周一,10.0,-3.0,2,1,8,1,37,1
178,冰雪大世界,20240326,416,139,277,2024-03-26 周二,9.0,-2.0,4,1,4,2,72,2
179,冰雪大世界,20240327,447,137,310,2024-03-27 周三,13.0,6.0,3,5,5,4,60,2
180,冰雪大世界,20240328,466,161,305,2024-03-28 周四,8.0,-4.0,3,1,6,5,172,4
181,冰雪大世界,20240329,394,131,263,2024-03-29 周五,3.0,-3.0,3,2,6,4,46,1
182,冰雪大世界,20240330,413,142,271,2024-03-30 周六,2.0,-5.0,3,2,7,3,39,1
183,冰雪大世界,20240331,433,110,323,2024-03-31 周日,1.0,-5.0,2,1,8,3,35,1
184,冰雪大世界,20240401,407,150,257,2024-04-01 周一,5.0,-4.0,1,1,8,3,43,1
185,冰雪大世界,20240402,370,142,228,2024-04-02 周二,10.0,-3.0,3,1,6,3,55,2
186,冰雪大世界,20240403,360,125,235,2024-04-03 周三,10.0,-2.0,3,2,8,3,51,2
187,冰雪大世界,20240404,406,91,315,2024-04-04 周四,11.0,0.0,1,1,8,3,42,1
188,冰雪大世界,20240405,387,93,294,2024-04-05 周五,14.0,7.0,1,2,6,4,59,2
189,冰雪大世界,20240406,388,110,278,2024-04-06 周六,15.0,-2.0,2,1,7,4,67,2
190,冰雪大世界,20240407,425,148,277,2024-04-07 周日,13.0,-5.0,3,1,6,3,38,1
191,冰雪大世界,20240408,385,146,239,2024-04-08 周一,2.0,-5.0,1,1,8,3,31,1
192,冰雪大世界,20240409,352,121,231,2024-04-09 周二,10.0,-1.0,1,1,6,3,62,2
193,冰雪大世界,20240410,370,118,252,2024-04-10 周三,16.0,5.0,2,1,6,3,166,4
194,冰雪大世界,20240411,364,152,212,2024-04-11 周四,19.0,11.0,2,5,6,4,161,4
195,冰雪大世界,20240412,340,91,249,2024-04-12 周五,23.0,12.0,5,2,6,4,112,3
196,冰雪大世界,20240413,299,87,212,2024-04-13 周六,23.0,12.0,3,1,6,4,73,2
197,冰雪大世界,20240414,365,101,264,2024-04-14 周日,24.0,14.0,2,2,6,5,74,2
198,冰雪大世界,20240415,367,110,257,2024-04-15 周一,21.0,7.0,5,5,6,2,117,3
199,冰雪大世界,20240416,370,121,249,2024-04-16 周二,13.0,2.0,3,1,8,3,53,2
200,冰雪大世界,20240417,325,93,232,2024-04-17 周三,21.0,7.0,2,2,6,2,41,1
201,冰雪大世界,20240418,353,112,241,2024-04-18 周四,19.0,2.0,3,1,8,3,54,2
202,冰雪大世界,20240419,320,112,208,2024-04-19 周五,13.0,1.0,1,1,8,4,44,1
203,冰雪大世界,20240420,310,76,234,2024-04-20 周六,16.0,3.0,3,2,4,3,131,3
204,冰雪大世界,20240421,359,93,266,2024-04-21 周日,21.0,10.0,2,2,5,3,134,3
205,冰雪大世界,20240422,319,118,201,2024-04-22 周一,22.0,8.0,2,5,5,4,155,4
206,冰雪大世界,20240423,337,129,208,2024-04-23 周二,17.0,8.0,3,2,1,1,55,2
207,冰雪大世界,20240424,318,118,200,2024-04-24 周三,19.0,10.0,3,2,6,3,61,2
208,冰雪大世界,20240425,320,108,212,2024-04-25 周四,19.0,7.0,3,2,7,4,47,1
209,冰雪大世界,20240426,320,127,193,2024-04-26 周五,17.0,8.0,3,2,8,3,37,1
210,冰雪大世界,20240427,373,95,278,2024-04-27 周六,16.0,4.0,3,2,8,3,39,1
211,冰雪大世界,20240428,350,112,238,2024-04-28 周日,13.0,2.0,3,1,1,3,48,1
212,冰雪大世界,20240429,307,112,195,2024-04-29 周一,14.0,5.0,3,2,2,2,69,2
213,冰雪大世界,20240430,382,129,253,2024-04-30 周二,18.0,7.0,3,1,6,2,68,2
32,沙糖桔,20231101,519,114,405,2023-11-01 周三,4.0,-1.0,3,2,1,1,45,1
33,沙糖桔,20231102,448,106,342,2023-11-02 周四,12.0,-4.0,4,2,6,2,72,2
34,沙糖桔,20231103,498,97,401,2023-11-03 周五,0.0,-9.0,2,1,8,3,31,1
35,沙糖桔,20231104,498,82,416,2023-11-04 周六,0.0,-3.0,3,2,2,3,36,1
36,沙糖桔,20231105,468,95,373,2023-11-05 周日,1.0,-3.0,3,7,2,3,42,1
37,沙糖桔,20231106,548,108,440,2023-11-06 周一,-2.0,-9.0,12,10,2,5,37,1
38,沙糖桔,20231107,513,97,416,2023-11-07 周二,-5.0,-17.0,8,2,7,2,29,1
39,沙糖桔,20231108,591,99,492,2023-11-08 周三,-5.0,-15.0,11,2,4,2,61,2
40,沙糖桔,20231109,584,116,468,2023-11-09 周四,-3.0,-18.0,8,1,6,2,60,2
41,沙糖桔,20231110,509,116,393,2023-11-10 周五,-5.0,-15.0,8,2,7,3,43,1
42,沙糖桔,20231111,523,87,436,2023-11-11 周六,-7.0,-15.0,8,1,6,2,53,2
43,沙糖桔,20231112,649,78,571,2023-11-12 周日,-7.0,-11.0,8,1,6,2,79,2
44,沙糖桔,20231113,549,112,437,2023-11-13 周一,-3.0,-12.0,8,1,6,3,50,1
45,沙糖桔,20231114,657,85,572,2023-11-14 周二,0.0,-12.0,8,2,5,2,97,2
46,沙糖桔,20231115,652,133,519,2023-11-15 周三,0.0,-7.0,8,8,6,2,127,3
47,沙糖桔,20231116,638,121,517,2023-11-16 周四,0.0,-10.0,10,2,6,3,151,4
48,沙糖桔,20231117,735,104,631,2023-11-17 周五,-3.0,-7.0,3,9,8,2,44,1
49,沙糖桔,20231118,745,114,631,2023-11-18 周六,-3.0,-9.0,2,2,6,2,35,1
50,沙糖桔,20231119,882,82,800,2023-11-19 周日,-1.0,-11.0,3,1,8,3,41,1
51,沙糖桔,20231120,943,140,803,2023-11-20 周一,3.0,-1.0,2,1,6,4,47,1
52,沙糖桔,20231121,822,116,706,2023-11-21 周二,4.0,-8.0,4,2,6,2,67,2
53,沙糖桔,20231122,823,120,703,2023-11-22 周三,0.0,-9.0,12,10,2,4,77,2
54,沙糖桔,20231123,783,116,667,2023-11-23 周四,-8.0,-22.0,8,1,1,4,21,1
55,沙糖桔,20231124,797,133,664,2023-11-24 周五,-11.0,-21.0,3,1,7,3,27,1
56,沙糖桔,20231125,878,89,789,2023-11-25 周六,-12.0,-23.0,3,2,6,2,38,1
57,沙糖桔,20231126,996,139,857,2023-11-26 周日,-12.0,-19.0,4,2,2,1,80,2
58,沙糖桔,20231127,920,140,780,2023-11-27 周一,-12.0,-22.0,2,2,1,1,116,3
59,沙糖桔,20231128,819,162,657,2023-11-28 周二,-13.0,-21.0,4,1,6,2,70,2
60,沙糖桔,20231129,912,139,773,2023-11-29 周三,-13.0,-20.0,3,1,7,3,39,1
61,沙糖桔,20231130,840,137,703,2023-11-30 周四,-11.0,-22.0,3,1,6,3,38,1
62,沙糖桔,20231201,845,148,697,2023-12-01 周五,-8.0,-17.0,8,1,6,2,70,2
63,沙糖桔,20231202,837,110,727,2023-12-02 周六,-5.0,-17.0,8,1,6,2,71,2
64,沙糖桔,20231203,935,102,833,2023-12-03 周日,-4.0,-13.0,8,1,5,4,63,2
65,沙糖桔,20231204,834,144,690,2023-12-04 周一,0.0,-14.0,8,2,6,3,56,2
66,沙糖桔,20231205,806,118,688,2023-12-05 周二,3.0,-8.0,8,2,5,4,134,3
67,沙糖桔,20231206,912,157,755,2023-12-06 周三,-2.0,-18.0,8,2,6,3,27,1
68,沙糖桔,20231207,796,140,656,2023-12-07 周四,-8.0,-15.0,8,2,6,2,34,1
69,沙糖桔,20231208,774,137,637,2023-12-08 周五,2.0,-15.0,2,2,6,3,85,2
70,沙糖桔,20231209,815,116,699,2023-12-09 周六,-12.0,-21.0,3,1,7,3,29,1
71,沙糖桔,20231210,944,102,842,2023-12-10 周日,-15.0,-25.0,3,1,7,3,39,1
72,沙糖桔,20231211,619,162,457,2023-12-11 周一,-17.0,-25.0,2,1,1,1,56,2
73,沙糖桔,20231212,524,148,376,2023-12-12 周二,-16.0,-26.0,8,1,8,1,65,2
74,沙糖桔,20231213,698,142,556,2023-12-13 周三,-14.0,-25.0,3,1,2,1,124,3
75,沙糖桔,20231214,738,146,592,2023-12-14 周四,-17.0,-23.0,2,2,2,2,68,2
76,沙糖桔,20231215,720,146,574,2023-12-15 周五,-17.0,-20.0,3,2,1,3,35,1
77,沙糖桔,20231216,636,93,543,2023-12-16 周六,-18.0,-25.0,8,2,8,3,42,1
78,沙糖桔,20231217,686,97,589,2023-12-17 周日,-19.0,-27.0,3,1,6,3,33,1
79,沙糖桔,20231218,734,148,586,2023-12-18 周一,-18.0,-27.0,3,1,6,1,90,2
80,沙糖桔,20231219,722,159,563,2023-12-19 周二,-20.0,-29.0,2,2,1,2,130,3
81,沙糖桔,20231220,754,168,586,2023-12-20 周三,-21.0,-29.0,3,2,6,2,78,2
82,沙糖桔,20231221,750,151,599,2023-12-21 周四,-19.0,-29.0,2,1,6,2,101,3
83,沙糖桔,20231222,669,116,553,2023-12-22 周五,-15.0,-23.0,3,1,6,3,100,2
84,沙糖桔,20231223,661,116,545,2023-12-23 周六,-10.0,-20.0,3,1,6,2,106,3
85,沙糖桔,20231224,790,116,674,2023-12-24 周日,-12.0,-22.0,3,1,6,3,89,2
86,沙糖桔,20231225,795,137,658,2023-12-25 周一,-10.0,-16.0,2,8,5,3,113,3
87,沙糖桔,20231226,798,139,659,2023-12-26 周二,-16.0,-19.0,3,1,8,2,98,2
88,沙糖桔,20231227,850,165,685,2023-12-27 周三,-8.0,-16.0,2,1,6,3,126,3
89,沙糖桔,20231228,891,125,766,2023-12-28 周四,-6.0,-15.0,8,1,6,2,99,2
90,沙糖桔,20231229,840,135,705,2023-12-29 周五,-5.0,-14.0,8,2,6,2,120,3
91,沙糖桔,20231230,821,91,730,2023-12-30 周六,-10.0,-17.0,8,8,2,3,210,5
92,沙糖桔,20231231,788,83,705,2023-12-31 周日,-16.0,-23.0,1,2,1,2,36,1
93,沙糖桔,20240101,873,91,782,2024-01-01 周一,-9.0,-18.0,1,2,6,3,87,2
94,沙糖桔,20240102,841,168,673,2024-01-02 周二,-11.0,-20.0,1,1,6,1,137,3
95,沙糖桔,20240103,1310,372,938,2024-01-03 周三,-9.0,-18.0,1,2,6,2,145,3
96,沙糖桔,20240104,1701,461,1240,2024-01-04 周四,-4.0,-11.0,1,10,5,3,67,2
97,沙糖桔,20240105,2136,512,1624,2024-01-05 周五,-10.0,-21.0,8,2,7,3,50,1
98,沙糖桔,20240106,2077,264,1813,2024-01-06 周六,-15.0,-26.0,2,1,6,2,104,3
99,沙糖桔,20240107,1978,211,1767,2024-01-07 周日,-14.0,-25.0,1,1,7,2,64,2
100,沙糖桔,20240108,1706,330,1376,2024-01-08 周一,-10.0,-26.0,3,1,6,3,48,1
101,沙糖桔,20240109,1242,279,963,2024-01-09 周二,-13.0,-23.0,8,1,6,1,76,2
102,沙糖桔,20240110,1190,239,951,2024-01-10 周三,-7.0,-10.0,3,8,6,4,66,2
103,沙糖桔,20240111,1111,204,907,2024-01-11 周四,-11.0,-26.0,8,2,8,3,67,2
104,沙糖桔,20240112,1137,205,932,2024-01-12 周五,-13.0,-29.0,4,2,8,1,70,2
105,沙糖桔,20240113,1082,144,938,2024-01-13 周六,-13.0,-17.0,2,8,5,2,150,3
106,沙糖桔,20240114,1033,139,894,2024-01-14 周日,-11.0,-23.0,3,1,8,3,66,2
107,沙糖桔,20240115,1040,176,864,2024-01-15 周一,-11.0,-23.0,2,1,6,2,43,1
108,沙糖桔,20240116,1039,209,830,2024-01-16 周二,-5.0,-11.0,3,1,6,4,68,2
109,沙糖桔,20240117,1028,165,863,2024-01-17 周三,-7.0,-21.0,4,1,7,2,79,2
110,沙糖桔,20240118,1003,162,841,2024-01-18 周四,-10.0,-27.0,3,1,8,1,67,2
111,沙糖桔,20240119,983,142,841,2024-01-19 周五,-15.0,-27.0,2,1,8,2,114,3
112,沙糖桔,20240120,952,104,848,2024-01-20 周六,-17.0,-22.0,3,8,2,3,58,2
113,沙糖桔,20240121,953,110,843,2024-01-21 周日,-19.0,-22.0,3,9,1,2,34,1
114,沙糖桔,20240122,835,157,678,2024-01-22 周一,-19.0,-31.0,3,1,8,3,30,1
115,沙糖桔,20240123,888,144,744,2024-01-23 周二,-16.0,-24.0,8,2,6,2,94,2
116,沙糖桔,20240124,909,125,784,2024-01-24 周三,-14.0,-26.0,3,1,8,2,50,1
117,沙糖桔,20240125,937,150,787,2024-01-25 周四,-9.0,-24.0,2,2,5,2,133,3
118,沙糖桔,20240126,946,139,807,2024-01-26 周五,-10.0,-23.0,2,2,8,1,245,5
119,沙糖桔,20240127,914,93,821,2024-01-27 周六,-10.0,-23.0,2,1,6,1,305,6
120,沙糖桔,20240128,967,112,855,2024-01-28 周日,-7.0,-20.0,2,2,5,2,167,4
121,沙糖桔,20240129,1010,163,847,2024-01-29 周一,-14.0,-27.0,4,1,8,2,97,2
122,沙糖桔,20240130,982,137,845,2024-01-30 周二,-15.0,-23.0,2,8,2,2,97,2
123,沙糖桔,20240131,944,150,794,2024-01-31 周三,-16.0,-28.0,2,1,8,3,62,2
124,沙糖桔,20240201,1047,207,840,2024-02-01 周四,-16.0,-25.0,3,1,6,2,54,2
125,沙糖桔,20240202,996,148,848,2024-02-02 周五,-13.0,-28.0,2,1,6,1,102,3
126,沙糖桔,20240203,964,108,856,2024-02-03 周六,-11.0,-27.0,2,1,6,2,194,4
127,沙糖桔,20240204,1009,152,857,2024-02-04 周日,-10.0,-27.0,2,1,6,2,138,3
128,沙糖桔,20240205,977,108,869,2024-02-05 周一,-13.0,-24.0,2,2,2,2,174,4
129,沙糖桔,20240206,984,104,880,2024-02-06 周二,-9.0,-25.0,3,1,8,2,83,2
130,沙糖桔,20240207,1010,118,892,2024-02-07 周三,-7.0,-23.0,2,1,6,2,187,4
131,沙糖桔,20240208,1032,101,931,2024-02-08 周四,-5.0,-22.0,2,1,6,2,164,4
132,沙糖桔,20240209,951,66,885,2024-02-09 周五,-4.0,-18.0,2,2,5,1,188,4
133,沙糖桔,20240210,926,72,854,2024-02-10 周六,-6.0,-14.0,2,2,6,2,425,6
134,沙糖桔,20240211,930,78,852,2024-02-11 周日,-2.0,-12.0,2,1,6,2,125,3
135,沙糖桔,20240212,909,64,845,2024-02-12 周一,3.0,2.0,3,1,6,5,61,2
136,沙糖桔,20240213,881,66,815,2024-02-13 周二,5.0,-6.0,2,1,6,4,78,2
137,沙糖桔,20240214,869,83,786,2024-02-14 周三,-2.0,-17.0,3,1,8,3,28,1
138,沙糖桔,20240215,797,78,719,2024-02-15 周四,-7.0,-17.0,3,1,7,2,31,1
139,沙糖桔,20240216,816,93,723,2024-02-16 周五,1.0,-2.0,2,2,5,4,45,1
140,沙糖桔,20240217,804,87,717,2024-02-17 周六,5.0,3.0,2,2,6,4,46,1
141,沙糖桔,20240218,828,125,703,2024-02-18 周日,4.0,-11.0,10,8,6,3,35,1
142,沙糖桔,20240219,747,120,627,2024-02-19 周一,-9.0,-18.0,3,1,8,3,24,1
143,沙糖桔,20240220,650,99,551,2024-02-20 周二,-13.0,-23.0,3,1,7,3,27,1
144,沙糖桔,20240221,655,123,532,2024-02-21 周三,-10.0,-21.0,3,1,7,2,29,1
145,沙糖桔,20240222,658,104,554,2024-02-22 周四,-8.0,-19.0,3,1,7,2,35,1
146,沙糖桔,20240223,627,95,532,2024-02-23 周五,-4.0,-17.0,3,1,7,1,55,2
147,沙糖桔,20240224,629,80,549,2024-02-24 周六,-3.0,-14.0,2,2,6,1,88,2
148,沙糖桔,20240225,623,85,538,2024-02-25 周日,-2.0,-15.0,2,1,8,2,147,3
149,沙糖桔,20240226,547,102,445,2024-02-26 周一,-5.0,-18.0,3,1,8,2,32,1
150,沙糖桔,20240227,497,97,400,2024-02-27 周二,-4.0,-9.0,3,8,4,2,66,2
151,沙糖桔,20240228,492,106,386,2024-02-28 周三,-5.0,-15.0,3,2,8,2,54,2
152,沙糖桔,20240229,441,101,340,2024-02-29 周四,-6.0,-13.0,8,8,6,3,62,2
153,沙糖桔,20240301,401,87,314,2024-03-01 周五,-9.0,-17.0,3,1,8,3,31,1
154,沙糖桔,20240302,461,87,374,2024-03-02 周六,-8.0,-17.0,3,1,6,2,35,1
155,沙糖桔,20240303,432,70,362,2024-03-03 周日,-6.0,-16.0,3,1,7,2,45,1
156,沙糖桔,20240304,384,85,299,2024-03-04 周一,-3.0,-12.0,3,1,7,2,39,1
157,沙糖桔,20240305,408,101,307,2024-03-05 周二,-1.0,-14.0,3,1,7,2,46,1
158,沙糖桔,20240306,367,97,270,2024-03-06 周三,0.0,-14.0,3,1,6,2,46,1
159,沙糖桔,20240307,351,74,277,2024-03-07 周四,1.0,-11.0,4,2,6,1,60,2
160,沙糖桔,20240308,321,89,232,2024-03-08 周五,-3.0,-14.0,3,1,8,3,32,1
161,沙糖桔,20240309,305,66,239,2024-03-09 周六,1.0,-13.0,1,1,6,2,46,1
162,沙糖桔,20240310,373,78,295,2024-03-10 周日,4.0,-7.0,4,1,6,2,76,2
163,沙糖桔,20240311,323,78,245,2024-03-11 周一,3.0,-7.0,3,1,8,2,78,2
164,沙糖桔,20240312,340,85,255,2024-03-12 周二,4.0,-5.0,2,1,6,2,43,1
165,沙糖桔,20240313,317,83,234,2024-03-13 周三,6.0,-2.0,1,2,7,1,52,2
166,沙糖桔,20240314,332,93,239,2024-03-14 周四,8.0,0.0,2,2,6,2,43,1
167,沙糖桔,20240315,303,72,231,2024-03-15 周五,6.0,-5.0,2,2,8,4,42,1
168,沙糖桔,20240316,309,68,241,2024-03-16 周六,1.0,-6.0,10,8,3,3,30,1
169,沙糖桔,20240317,288,61,227,2024-03-17 周日,1.0,-8.0,1,1,8,3,25,1
170,沙糖桔,20240318,259,70,189,2024-03-18 周一,1.0,-8.0,2,1,2,2,29,1
171,沙糖桔,20240319,311,93,218,2024-03-19 周二,3.0,-7.0,3,2,7,1,38,1
172,沙糖桔,20240320,276,78,198,2024-03-20 周三,3.0,-8.0,2,1,8,2,30,1
173,沙糖桔,20240321,287,76,211,2024-03-21 周四,4.0,-5.0,1,1,4,2,47,1
174,沙糖桔,20240322,246,72,174,2024-03-22 周五,6.0,-3.0,2,7,4,3,41,1
175,沙糖桔,20240323,263,63,200,2024-03-23 周六,5.0,-6.0,7,1,6,3,56,2
176,沙糖桔,20240324,279,68,211,2024-03-24 周日,5.0,-5.0,1,1,7,2,28,1
177,沙糖桔,20240325,253,76,177,2024-03-25 周一,10.0,-3.0,2,1,8,1,37,1
178,沙糖桔,20240326,255,76,179,2024-03-26 周二,9.0,-2.0,4,1,4,2,72,2
179,沙糖桔,20240327,248,80,168,2024-03-27 周三,13.0,6.0,3,5,5,4,60,2
180,沙糖桔,20240328,251,70,181,2024-03-28 周四,8.0,-4.0,3,1,6,5,172,4
181,沙糖桔,20240329,259,80,179,2024-03-29 周五,3.0,-3.0,3,2,6,4,46,1
182,沙糖桔,20240330,233,63,170,2024-03-30 周六,2.0,-5.0,3,2,7,3,39,1
183,沙糖桔,20240331,182,0,182,2024-03-31 周日,1.0,-5.0,2,1,8,3,35,1
184,沙糖桔,20240401,244,83,161,2024-04-01 周一,5.0,-4.0,1,1,8,3,43,1
185,沙糖桔,20240402,248,72,176,2024-04-02 周二,10.0,-3.0,3,1,6,3,55,2
186,沙糖桔,20240403,242,74,168,2024-04-03 周三,10.0,-2.0,3,2,8,3,51,2
187,沙糖桔,20240404,219,64,155,2024-04-04 周四,11.0,0.0,1,1,8,3,42,1
188,沙糖桔,20240405,231,63,168,2024-04-05 周五,14.0,7.0,1,2,6,4,59,2
189,沙糖桔,20240406,254,70,184,2024-04-06 周六,15.0,-2.0,2,1,7,4,67,2
190,沙糖桔,20240407,228,64,164,2024-04-07 周日,13.0,-5.0,3,1,6,3,38,1
191,沙糖桔,20240408,225,64,161,2024-04-08 周一,2.0,-5.0,1,1,8,3,31,1
192,沙糖桔,20240409,221,64,157,2024-04-09 周二,10.0,-1.0,1,1,6,3,62,2
193,沙糖桔,20240410,236,70,166,2024-04-10 周三,16.0,5.0,2,1,6,3,166,4
194,沙糖桔,20240411,191,66,125,2024-04-11 周四,19.0,11.0,2,5,6,4,161,4
195,沙糖桔,20240412,259,70,189,2024-04-12 周五,23.0,12.0,5,2,6,4,112,3
196,沙糖桔,20240413,255,66,189,2024-04-13 周六,23.0,12.0,3,1,6,4,73,2
197,沙糖桔,20240414,230,70,160,2024-04-14 周日,24.0,14.0,2,2,6,5,74,2
198,沙糖桔,20240415,247,64,183,2024-04-15 周一,21.0,7.0,5,5,6,2,117,3
199,沙糖桔,20240416,231,63,168,2024-04-16 周二,13.0,2.0,3,1,8,3,53,2
200,沙糖桔,20240417,227,72,155,2024-04-17 周三,21.0,7.0,2,2,6,2,41,1
201,沙糖桔,20240418,248,85,163,2024-04-18 周四,19.0,2.0,3,1,8,3,54,2
202,沙糖桔,20240419,216,61,155,2024-04-19 周五,13.0,1.0,1,1,8,4,44,1
203,沙糖桔,20240420,224,57,167,2024-04-20 周六,16.0,3.0,3,2,4,3,131,3
204,沙糖桔,20240421,216,61,155,2024-04-21 周日,21.0,10.0,2,2,5,3,134,3
205,沙糖桔,20240422,227,64,163,2024-04-22 周一,22.0,8.0,2,5,5,4,155,4
206,沙糖桔,20240423,195,64,131,2024-04-23 周二,17.0,8.0,3,2,1,1,55,2
207,沙糖桔,20240424,213,66,147,2024-04-24 周三,19.0,10.0,3,2,6,3,61,2
208,沙糖桔,20240425,211,64,147,2024-04-25 周四,19.0,7.0,3,2,7,4,47,1
209,沙糖桔,20240426,207,68,139,2024-04-26 周五,17.0,8.0,3,2,8,3,37,1
210,沙糖桔,20240427,226,61,165,2024-04-27 周六,16.0,4.0,3,2,8,3,39,1
211,沙糖桔,20240428,197,74,123,2024-04-28 周日,13.0,2.0,3,1,1,3,48,1
212,沙糖桔,20240429,184,63,121,2024-04-29 周一,14.0,5.0,3,2,2,2,69,2
213,沙糖桔,20240430,208,57,151,2024-04-30 周二,18.0,7.0,3,1,6,2,68,2
32,小土豆,20231101,375,83,292,2023-11-01 周三,4.0,-1.0,3,2,1,1,45,1
33,小土豆,20231102,325,101,224,2023-11-02 周四,12.0,-4.0,4,2,6,2,72,2
34,小土豆,20231103,369,89,280,2023-11-03 周五,0.0,-9.0,2,1,8,3,31,1
35,小土豆,20231104,375,63,312,2023-11-04 周六,0.0,-3.0,3,2,2,3,36,1
36,小土豆,20231105,416,76,340,2023-11-05 周日,1.0,-3.0,3,7,2,3,42,1
37,小土豆,20231106,358,83,275,2023-11-06 周一,-2.0,-9.0,12,10,2,5,37,1
38,小土豆,20231107,368,91,277,2023-11-07 周二,-5.0,-17.0,8,2,7,2,29,1
39,小土豆,20231108,349,87,262,2023-11-08 周三,-5.0,-15.0,11,2,4,2,61,2
40,小土豆,20231109,377,89,288,2023-11-09 周四,-3.0,-18.0,8,1,6,2,60,2
41,小土豆,20231110,410,93,317,2023-11-10 周五,-5.0,-15.0,8,2,7,3,43,1
42,小土豆,20231111,408,70,338,2023-11-11 周六,-7.0,-15.0,8,1,6,2,53,2
43,小土豆,20231112,490,82,408,2023-11-12 周日,-7.0,-11.0,8,1,6,2,79,2
44,小土豆,20231113,376,89,287,2023-11-13 周一,-3.0,-12.0,8,1,6,3,50,1
45,小土豆,20231114,408,74,334,2023-11-14 周二,0.0,-12.0,8,2,5,2,97,2
46,小土豆,20231115,361,101,260,2023-11-15 周三,0.0,-7.0,8,8,6,2,127,3
47,小土豆,20231116,396,114,282,2023-11-16 周四,0.0,-10.0,10,2,6,3,151,4
48,小土豆,20231117,478,101,377,2023-11-17 周五,-3.0,-7.0,3,9,8,2,44,1
49,小土豆,20231118,418,80,338,2023-11-18 周六,-3.0,-9.0,2,2,6,2,35,1
50,小土豆,20231119,411,70,341,2023-11-19 周日,-1.0,-11.0,3,1,8,3,41,1
51,小土豆,20231120,368,91,277,2023-11-20 周一,3.0,-1.0,2,1,6,4,47,1
52,小土豆,20231121,428,91,337,2023-11-21 周二,4.0,-8.0,4,2,6,2,67,2
53,小土豆,20231122,422,101,321,2023-11-22 周三,0.0,-9.0,12,10,2,4,77,2
54,小土豆,20231123,368,108,260,2023-11-23 周四,-8.0,-22.0,8,1,1,4,21,1
55,小土豆,20231124,432,85,347,2023-11-24 周五,-11.0,-21.0,3,1,7,3,27,1
56,小土豆,20231125,514,82,432,2023-11-25 周六,-12.0,-23.0,3,2,6,2,38,1
57,小土豆,20231126,475,68,407,2023-11-26 周日,-12.0,-19.0,4,2,2,1,80,2
58,小土豆,20231127,448,102,346,2023-11-27 周一,-12.0,-22.0,2,2,1,1,116,3
59,小土豆,20231128,410,104,306,2023-11-28 周二,-13.0,-21.0,4,1,6,2,70,2
60,小土豆,20231129,454,110,344,2023-11-29 周三,-13.0,-20.0,3,1,7,3,39,1
61,小土豆,20231130,472,120,352,2023-11-30 周四,-11.0,-22.0,3,1,6,3,38,1
62,小土豆,20231201,548,114,434,2023-12-01 周五,-8.0,-17.0,8,1,6,2,70,2
63,小土豆,20231202,561,83,478,2023-12-02 周六,-5.0,-17.0,8,1,6,2,71,2
64,小土豆,20231203,555,72,483,2023-12-03 周日,-4.0,-13.0,8,1,5,4,63,2
65,小土豆,20231204,529,116,413,2023-12-04 周一,0.0,-14.0,8,2,6,3,56,2
66,小土豆,20231205,520,106,414,2023-12-05 周二,3.0,-8.0,8,2,5,4,134,3
67,小土豆,20231206,579,131,448,2023-12-06 周三,-2.0,-18.0,8,2,6,3,27,1
68,小土豆,20231207,517,118,399,2023-12-07 周四,-8.0,-15.0,8,2,6,2,34,1
69,小土豆,20231208,603,135,468,2023-12-08 周五,2.0,-15.0,2,2,6,3,85,2
70,小土豆,20231209,566,83,483,2023-12-09 周六,-12.0,-21.0,3,1,7,3,29,1
71,小土豆,20231210,676,97,579,2023-12-10 周日,-15.0,-25.0,3,1,7,3,39,1
72,小土豆,20231211,514,152,362,2023-12-11 周一,-17.0,-25.0,2,1,1,1,56,2
73,小土豆,20231212,435,144,291,2023-12-12 周二,-16.0,-26.0,8,1,8,1,65,2
74,小土豆,20231213,554,135,419,2023-12-13 周三,-14.0,-25.0,3,1,2,1,124,3
75,小土豆,20231214,613,127,486,2023-12-14 周四,-17.0,-23.0,2,2,2,2,68,2
76,小土豆,20231215,674,146,528,2023-12-15 周五,-17.0,-20.0,3,2,1,3,35,1
77,小土豆,20231216,644,83,561,2023-12-16 周六,-18.0,-25.0,8,2,8,3,42,1
78,小土豆,20231217,669,101,568,2023-12-17 周日,-19.0,-27.0,3,1,6,3,33,1
79,小土豆,20231218,766,159,607,2023-12-18 周一,-18.0,-27.0,3,1,6,1,90,2
80,小土豆,20231219,704,168,536,2023-12-19 周二,-20.0,-29.0,2,2,1,2,130,3
81,小土豆,20231220,794,173,621,2023-12-20 周三,-21.0,-29.0,3,2,6,2,78,2
82,小土豆,20231221,956,204,752,2023-12-21 周四,-19.0,-29.0,2,1,6,2,101,3
83,小土豆,20231222,893,166,727,2023-12-22 周五,-15.0,-23.0,3,1,6,3,100,2
84,小土豆,20231223,923,112,811,2023-12-23 周六,-10.0,-20.0,3,1,6,2,106,3
85,小土豆,20231224,978,112,866,2023-12-24 周日,-12.0,-22.0,3,1,6,3,89,2
86,小土豆,20231225,1265,360,905,2023-12-25 周一,-10.0,-16.0,2,8,5,3,113,3
87,小土豆,20231226,1313,350,963,2023-12-26 周二,-16.0,-19.0,3,1,8,2,98,2
88,小土豆,20231227,1447,447,1000,2023-12-27 周三,-8.0,-16.0,2,1,6,3,126,3
89,小土豆,20231228,1768,628,1140,2023-12-28 周四,-6.0,-15.0,8,1,6,2,99,2
90,小土豆,20231229,1921,647,1274,2023-12-29 周五,-5.0,-14.0,8,2,6,2,120,3
91,小土豆,20231230,1943,369,1574,2023-12-30 周六,-10.0,-17.0,8,8,2,3,210,5
92,小土豆,20231231,2151,459,1692,2023-12-31 周日,-16.0,-23.0,1,2,1,2,36,1
93,小土豆,20240101,2738,720,2018,2024-01-01 周一,-9.0,-18.0,1,2,6,3,87,2
94,小土豆,20240102,2840,1064,1776,2024-01-02 周二,-11.0,-20.0,1,1,6,1,137,3
95,小土豆,20240103,6936,3755,3181,2024-01-03 周三,-9.0,-18.0,1,2,6,2,145,3
96,小土豆,20240104,6526,2537,3989,2024-01-04 周四,-4.0,-11.0,1,10,5,3,67,2
97,小土豆,20240105,5834,1908,3926,2024-01-05 周五,-10.0,-21.0,8,2,7,3,50,1
98,小土豆,20240106,4459,1053,3406,2024-01-06 周六,-15.0,-26.0,2,1,6,2,104,3
99,小土豆,20240107,3747,685,3062,2024-01-07 周日,-14.0,-25.0,1,1,7,2,64,2
100,小土豆,20240108,3460,943,2517,2024-01-08 周一,-10.0,-26.0,3,1,6,3,48,1
101,小土豆,20240109,2572,852,1720,2024-01-09 周二,-13.0,-23.0,8,1,6,1,76,2
102,小土豆,20240110,2446,842,1604,2024-01-10 周三,-7.0,-10.0,3,8,6,4,66,2
103,小土豆,20240111,2083,704,1379,2024-01-11 周四,-11.0,-26.0,8,2,8,3,67,2
104,小土豆,20240112,2423,670,1753,2024-01-12 周五,-13.0,-29.0,4,2,8,1,70,2
105,小土豆,20240113,2275,375,1900,2024-01-13 周六,-13.0,-17.0,2,8,5,2,150,3
106,小土豆,20240114,1954,326,1628,2024-01-14 周日,-11.0,-23.0,3,1,8,3,66,2
107,小土豆,20240115,2020,510,1510,2024-01-15 周一,-11.0,-23.0,2,1,6,2,43,1
108,小土豆,20240116,2193,603,1590,2024-01-16 周二,-5.0,-11.0,3,1,6,4,68,2
109,小土豆,20240117,2346,465,1881,2024-01-17 周三,-7.0,-21.0,4,1,7,2,79,2
110,小土豆,20240118,2207,388,1819,2024-01-18 周四,-10.0,-27.0,3,1,8,1,67,2
111,小土豆,20240119,2604,374,2230,2024-01-19 周五,-15.0,-27.0,2,1,8,2,114,3
112,小土豆,20240120,2712,274,2438,2024-01-20 周六,-17.0,-22.0,3,8,2,3,58,2
113,小土豆,20240121,3252,295,2957,2024-01-21 周日,-19.0,-22.0,3,9,1,2,34,1
114,小土豆,20240122,3570,555,3015,2024-01-22 周一,-19.0,-31.0,3,1,8,3,30,1
115,小土豆,20240123,3687,453,3234,2024-01-23 周二,-16.0,-24.0,8,2,6,2,94,2
116,小土豆,20240124,3808,412,3396,2024-01-24 周三,-14.0,-26.0,3,1,8,2,50,1
117,小土豆,20240125,3795,344,3451,2024-01-25 周四,-9.0,-24.0,2,2,5,2,133,3
118,小土豆,20240126,3783,323,3460,2024-01-26 周五,-10.0,-23.0,2,2,8,1,245,5
119,小土豆,20240127,4492,595,3897,2024-01-27 周六,-10.0,-23.0,2,1,6,1,305,6
120,小土豆,20240128,5216,552,4664,2024-01-28 周日,-7.0,-20.0,2,2,5,2,167,4
121,小土豆,20240129,3982,416,3566,2024-01-29 周一,-14.0,-27.0,4,1,8,2,97,2
122,小土豆,20240130,3900,313,3587,2024-01-30 周二,-15.0,-23.0,2,8,2,2,97,2
123,小土豆,20240131,4194,310,3884,2024-01-31 周三,-16.0,-28.0,2,1,8,3,62,2
124,小土豆,20240201,3921,326,3595,2024-02-01 周四,-16.0,-25.0,3,1,6,2,54,2
125,小土豆,20240202,4585,270,4315,2024-02-02 周五,-13.0,-28.0,2,1,6,1,102,3
126,小土豆,20240203,4569,307,4262,2024-02-03 周六,-11.0,-27.0,2,1,6,2,194,4
127,小土豆,20240204,4089,307,3782,2024-02-04 周日,-10.0,-27.0,2,1,6,2,138,3
128,小土豆,20240205,4235,245,3990,2024-02-05 周一,-13.0,-24.0,2,2,2,2,174,4
129,小土豆,20240206,4001,256,3745,2024-02-06 周二,-9.0,-25.0,3,1,8,2,83,2
130,小土豆,20240207,3893,207,3686,2024-02-07 周三,-7.0,-23.0,2,1,6,2,187,4
131,小土豆,20240208,4082,161,3921,2024-02-08 周四,-5.0,-22.0,2,1,6,2,164,4
132,小土豆,20240209,4391,144,4247,2024-02-09 周五,-4.0,-18.0,2,2,5,1,188,4
133,小土豆,20240210,4484,161,4323,2024-02-10 周六,-6.0,-14.0,2,2,6,2,425,6
134,小土豆,20240211,4561,170,4391,2024-02-11 周日,-2.0,-12.0,2,1,6,2,125,3
135,小土豆,20240212,3911,140,3771,2024-02-12 周一,3.0,2.0,3,1,6,5,61,2
136,小土豆,20240213,4031,133,3898,2024-02-13 周二,5.0,-6.0,2,1,6,4,78,2
137,小土豆,20240214,3696,161,3535,2024-02-14 周三,-2.0,-17.0,3,1,8,3,28,1
138,小土豆,20240215,3442,144,3298,2024-02-15 周四,-7.0,-17.0,3,1,7,2,31,1
139,小土豆,20240216,3449,148,3301,2024-02-16 周五,1.0,-2.0,2,2,5,4,45,1
140,小土豆,20240217,3130,152,2978,2024-02-17 周六,5.0,3.0,2,2,6,4,46,1
141,小土豆,20240218,3036,236,2800,2024-02-18 周日,4.0,-11.0,10,8,6,3,35,1
142,小土豆,20240219,2777,225,2552,2024-02-19 周一,-9.0,-18.0,3,1,8,3,24,1
143,小土豆,20240220,3038,200,2838,2024-02-20 周二,-13.0,-23.0,3,1,7,3,27,1
144,小土豆,20240221,2954,226,2728,2024-02-21 周三,-10.0,-21.0,3,1,7,2,29,1
145,小土豆,20240222,3152,226,2926,2024-02-22 周四,-8.0,-19.0,3,1,7,2,35,1
146,小土豆,20240223,2587,190,2397,2024-02-23 周五,-4.0,-17.0,3,1,7,1,55,2
147,小土豆,20240224,3209,168,3041,2024-02-24 周六,-3.0,-14.0,2,2,6,1,88,2
148,小土豆,20240225,2458,158,2300,2024-02-25 周日,-2.0,-15.0,2,1,8,2,147,3
149,小土豆,20240226,2613,251,2362,2024-02-26 周一,-5.0,-18.0,3,1,8,2,32,1
150,小土豆,20240227,2075,225,1850,2024-02-27 周二,-4.0,-9.0,3,8,4,2,66,2
151,小土豆,20240228,2035,200,1835,2024-02-28 周三,-5.0,-15.0,3,2,8,2,54,2
152,小土豆,20240229,1896,231,1665,2024-02-29 周四,-6.0,-13.0,8,8,6,3,62,2
153,小土豆,20240301,1941,195,1746,2024-03-01 周五,-9.0,-17.0,3,1,8,3,31,1
154,小土豆,20240302,2358,157,2201,2024-03-02 周六,-8.0,-17.0,3,1,6,2,35,1
155,小土豆,20240303,2165,146,2019,2024-03-03 周日,-6.0,-16.0,3,1,7,2,45,1
156,小土豆,20240304,1680,190,1490,2024-03-04 周一,-3.0,-12.0,3,1,7,2,39,1
157,小土豆,20240305,1773,205,1568,2024-03-05 周二,-1.0,-14.0,3,1,7,2,46,1
158,小土豆,20240306,1529,162,1367,2024-03-06 周三,0.0,-14.0,3,1,6,2,46,1
159,小土豆,20240307,1704,190,1514,2024-03-07 周四,1.0,-11.0,4,2,6,1,60,2
160,小土豆,20240308,1716,157,1559,2024-03-08 周五,-3.0,-14.0,3,1,8,3,32,1
161,小土豆,20240309,1891,150,1741,2024-03-09 周六,1.0,-13.0,1,1,6,2,46,1
162,小土豆,20240310,1959,137,1822,2024-03-10 周日,4.0,-7.0,4,1,6,2,76,2
163,小土豆,20240311,1403,179,1224,2024-03-11 周一,3.0,-7.0,3,1,8,2,78,2
164,小土豆,20240312,1458,207,1251,2024-03-12 周二,4.0,-5.0,2,1,6,2,43,1
165,小土豆,20240313,1280,173,1107,2024-03-13 周三,6.0,-2.0,1,2,7,1,52,2
166,小土豆,20240314,1341,162,1179,2024-03-14 周四,8.0,0.0,2,2,6,2,43,1
167,小土豆,20240315,1498,152,1346,2024-03-15 周五,6.0,-5.0,2,2,8,4,42,1
168,小土豆,20240316,1826,140,1686,2024-03-16 周六,1.0,-6.0,10,8,3,3,30,1
169,小土豆,20240317,1734,137,1597,2024-03-17 周日,1.0,-8.0,1,1,8,3,25,1
170,小土豆,20240318,1248,142,1106,2024-03-18 周一,1.0,-8.0,2,1,2,2,29,1
171,小土豆,20240319,1279,139,1140,2024-03-19 周二,3.0,-7.0,3,2,7,1,38,1
172,小土豆,20240320,1184,146,1038,2024-03-20 周三,3.0,-8.0,2,1,8,2,30,1
173,小土豆,20240321,1335,137,1198,2024-03-21 周四,4.0,-5.0,1,1,4,2,47,1
174,小土豆,20240322,1199,146,1053,2024-03-22 周五,6.0,-3.0,2,7,4,3,41,1
175,小土豆,20240323,1591,110,1481,2024-03-23 周六,5.0,-6.0,7,1,6,3,56,2
176,小土豆,20240324,1658,144,1514,2024-03-24 周日,5.0,-5.0,1,1,7,2,28,1
177,小土豆,20240325,1148,157,991,2024-03-25 周一,10.0,-3.0,2,1,8,1,37,1
178,小土豆,20240326,1148,148,1000,2024-03-26 周二,9.0,-2.0,4,1,4,2,72,2
179,小土豆,20240327,1217,163,1054,2024-03-27 周三,13.0,6.0,3,5,5,4,60,2
180,小土豆,20240328,1130,139,991,2024-03-28 周四,8.0,-4.0,3,1,6,5,172,4
181,小土豆,20240329,1111,121,990,2024-03-29 周五,3.0,-3.0,3,2,6,4,46,1
182,小土豆,20240330,1424,114,1310,2024-03-30 周六,2.0,-5.0,3,2,7,3,39,1
183,小土豆,20240331,1401,112,1289,2024-03-31 周日,1.0,-5.0,2,1,8,3,35,1
184,小土豆,20240401,1130,131,999,2024-04-01 周一,5.0,-4.0,1,1,8,3,43,1
185,小土豆,20240402,1071,125,946,2024-04-02 周二,10.0,-3.0,3,1,6,3,55,2
186,小土豆,20240403,1175,146,1029,2024-04-03 周三,10.0,-2.0,3,2,8,3,51,2
187,小土豆,20240404,1556,106,1450,2024-04-04 周四,11.0,0.0,1,1,8,3,42,1
188,小土豆,20240405,1551,95,1456,2024-04-05 周五,14.0,7.0,1,2,6,4,59,2
189,小土豆,20240406,1386,127,1259,2024-04-06 周六,15.0,-2.0,2,1,7,4,67,2
190,小土豆,20240407,1078,106,972,2024-04-07 周日,13.0,-5.0,3,1,6,3,38,1
191,小土豆,20240408,1088,135,953,2024-04-08 周一,2.0,-5.0,1,1,8,3,31,1
192,小土豆,20240409,1101,137,964,2024-04-09 周二,10.0,-1.0,1,1,6,3,62,2
193,小土豆,20240410,1112,139,973,2024-04-10 周三,16.0,5.0,2,1,6,3,166,4
194,小土豆,20240411,1051,157,894,2024-04-11 周四,19.0,11.0,2,5,6,4,161,4
195,小土豆,20240412,1134,144,990,2024-04-12 周五,23.0,12.0,5,2,6,4,112,3
196,小土豆,20240413,1352,118,1234,2024-04-13 周六,23.0,12.0,3,1,6,4,73,2
197,小土豆,20240414,1301,133,1168,2024-04-14 周日,24.0,14.0,2,2,6,5,74,2
198,小土豆,20240415,1025,108,917,2024-04-15 周一,21.0,7.0,5,5,6,2,117,3
199,小土豆,20240416,1050,125,925,2024-04-16 周二,13.0,2.0,3,1,8,3,53,2
200,小土豆,20240417,1032,125,907,2024-04-17 周三,21.0,7.0,2,2,6,2,41,1
201,小土豆,20240418,1060,123,937,2024-04-18 周四,19.0,2.0,3,1,8,3,54,2
202,小土豆,20240419,1112,129,983,2024-04-19 周五,13.0,1.0,1,1,8,4,44,1
203,小土豆,20240420,1093,99,994,2024-04-20 周六,16.0,3.0,3,2,4,3,131,3
204,小土豆,20240421,1126,114,1012,2024-04-21 周日,21.0,10.0,2,2,5,3,134,3
205,小土豆,20240422,1020,114,906,2024-04-22 周一,22.0,8.0,2,5,5,4,155,4
206,小土豆,20240423,1060,150,910,2024-04-23 周二,17.0,8.0,3,2,1,1,55,2
207,小土豆,20240424,1009,106,903,2024-04-24 周三,19.0,10.0,3,2,6,3,61,2
208,小土豆,20240425,1061,135,926,2024-04-25 周四,19.0,7.0,3,2,7,4,47,1
209,小土豆,20240426,1052,129,923,2024-04-26 周五,17.0,8.0,3,2,8,3,37,1
210,小土豆,20240427,1211,131,1080,2024-04-27 周六,16.0,4.0,3,2,8,3,39,1
211,小土豆,20240428,1111,166,945,2024-04-28 周日,13.0,2.0,3,1,1,3,48,1
212,小土豆,20240429,984,131,853,2024-04-29 周一,14.0,5.0,3,2,2,2,69,2
213,小土豆,20240430,1082,129,953,2024-04-30 周二,18.0,7.0,3,1,6,2,68,2
32,哈尔滨旅游,20231101,538,158,380,2023-11-01 周三,4.0,-1.0,3,2,1,1,45,1
33,哈尔滨旅游,20231102,574,194,380,2023-11-02 周四,12.0,-4.0,4,2,6,2,72,2
34,哈尔滨旅游,20231103,575,176,399,2023-11-03 周五,0.0,-9.0,2,1,8,3,31,1
35,哈尔滨旅游,20231104,414,102,312,2023-11-04 周六,0.0,-3.0,3,2,2,3,36,1
36,哈尔滨旅游,20231105,469,114,355,2023-11-05 周日,1.0,-3.0,3,7,2,3,42,1
37,哈尔滨旅游,20231106,682,243,439,2023-11-06 周一,-2.0,-9.0,12,10,2,5,37,1
38,哈尔滨旅游,20231107,624,229,395,2023-11-07 周二,-5.0,-17.0,8,2,7,2,29,1
39,哈尔滨旅游,20231108,742,234,508,2023-11-08 周三,-5.0,-15.0,11,2,4,2,61,2
40,哈尔滨旅游,20231109,755,212,543,2023-11-09 周四,-3.0,-18.0,8,1,6,2,60,2
41,哈尔滨旅游,20231110,873,207,666,2023-11-10 周五,-5.0,-15.0,8,2,7,3,43,1
42,哈尔滨旅游,20231111,580,108,472,2023-11-11 周六,-7.0,-15.0,8,1,6,2,53,2
43,哈尔滨旅游,20231112,682,131,551,2023-11-12 周日,-7.0,-11.0,8,1,6,2,79,2
44,哈尔滨旅游,20231113,871,346,525,2023-11-13 周一,-3.0,-12.0,8,1,6,3,50,1
45,哈尔滨旅游,20231114,863,273,590,2023-11-14 周二,0.0,-12.0,8,2,5,2,97,2
46,哈尔滨旅游,20231115,726,234,492,2023-11-15 周三,0.0,-7.0,8,8,6,2,127,3
47,哈尔滨旅游,20231116,733,211,522,2023-11-16 周四,0.0,-10.0,10,2,6,3,151,4
48,哈尔滨旅游,20231117,910,166,744,2023-11-17 周五,-3.0,-7.0,3,9,8,2,44,1
49,哈尔滨旅游,20231118,710,97,613,2023-11-18 周六,-3.0,-9.0,2,2,6,2,35,1
50,哈尔滨旅游,20231119,677,106,571,2023-11-19 周日,-1.0,-11.0,3,1,8,3,41,1
51,哈尔滨旅游,20231120,867,240,627,2023-11-20 周一,3.0,-1.0,2,1,6,4,47,1
52,哈尔滨旅游,20231121,846,216,630,2023-11-21 周二,4.0,-8.0,4,2,6,2,67,2
53,哈尔滨旅游,20231122,842,247,595,2023-11-22 周三,0.0,-9.0,12,10,2,4,77,2
54,哈尔滨旅游,20231123,710,223,487,2023-11-23 周四,-8.0,-22.0,8,1,1,4,21,1
55,哈尔滨旅游,20231124,827,207,620,2023-11-24 周五,-11.0,-21.0,3,1,7,3,27,1
56,哈尔滨旅游,20231125,705,110,595,2023-11-25 周六,-12.0,-23.0,3,2,6,2,38,1
57,哈尔滨旅游,20231126,822,99,723,2023-11-26 周日,-12.0,-19.0,4,2,2,1,80,2
58,哈尔滨旅游,20231127,884,245,639,2023-11-27 周一,-12.0,-22.0,2,2,1,1,116,3
59,哈尔滨旅游,20231128,728,209,519,2023-11-28 周二,-13.0,-21.0,4,1,6,2,70,2
60,哈尔滨旅游,20231129,892,225,667,2023-11-29 周三,-13.0,-20.0,3,1,7,3,39,1
61,哈尔滨旅游,20231130,1083,234,849,2023-11-30 周四,-11.0,-22.0,3,1,6,3,38,1
62,哈尔滨旅游,20231201,852,172,680,2023-12-01 周五,-8.0,-17.0,8,1,6,2,70,2
63,哈尔滨旅游,20231202,853,108,745,2023-12-02 周六,-5.0,-17.0,8,1,6,2,71,2
64,哈尔滨旅游,20231203,848,114,734,2023-12-03 周日,-4.0,-13.0,8,1,5,4,63,2
65,哈尔滨旅游,20231204,953,245,708,2023-12-04 周一,0.0,-14.0,8,2,6,3,56,2
66,哈尔滨旅游,20231205,956,229,727,2023-12-05 周二,3.0,-8.0,8,2,5,4,134,3
67,哈尔滨旅游,20231206,883,226,657,2023-12-06 周三,-2.0,-18.0,8,2,6,3,27,1
68,哈尔滨旅游,20231207,959,211,748,2023-12-07 周四,-8.0,-15.0,8,2,6,2,34,1
69,哈尔滨旅游,20231208,780,163,617,2023-12-08 周五,2.0,-15.0,2,2,6,3,85,2
70,哈尔滨旅游,20231209,896,106,790,2023-12-09 周六,-12.0,-21.0,3,1,7,3,29,1
71,哈尔滨旅游,20231210,778,108,670,2023-12-10 周日,-15.0,-25.0,3,1,7,3,39,1
72,哈尔滨旅游,20231211,769,223,546,2023-12-11 周一,-17.0,-25.0,2,1,1,1,56,2
73,哈尔滨旅游,20231212,724,233,491,2023-12-12 周二,-16.0,-26.0,8,1,8,1,65,2
74,哈尔滨旅游,20231213,837,212,625,2023-12-13 周三,-14.0,-25.0,3,1,2,1,124,3
75,哈尔滨旅游,20231214,1060,239,821,2023-12-14 周四,-17.0,-23.0,2,2,2,2,68,2
76,哈尔滨旅游,20231215,7887,198,7689,2023-12-15 周五,-17.0,-20.0,3,2,1,3,35,1
77,哈尔滨旅游,20231216,1069,102,967,2023-12-16 周六,-18.0,-25.0,8,2,8,3,42,1
78,哈尔滨旅游,20231217,772,120,652,2023-12-17 周日,-19.0,-27.0,3,1,6,3,33,1
79,哈尔滨旅游,20231218,814,216,598,2023-12-18 周一,-18.0,-27.0,3,1,6,1,90,2
80,哈尔滨旅游,20231219,735,213,522,2023-12-19 周二,-20.0,-29.0,2,2,1,2,130,3
81,哈尔滨旅游,20231220,744,215,529,2023-12-20 周三,-21.0,-29.0,3,2,6,2,78,2
82,哈尔滨旅游,20231221,890,180,710,2023-12-21 周四,-19.0,-29.0,2,1,6,2,101,3
83,哈尔滨旅游,20231222,731,161,570,2023-12-22 周五,-15.0,-23.0,3,1,6,3,100,2
84,哈尔滨旅游,20231223,738,106,632,2023-12-23 周六,-10.0,-20.0,3,1,6,2,106,3
85,哈尔滨旅游,20231224,695,121,574,2023-12-24 周日,-12.0,-22.0,3,1,6,3,89,2
86,哈尔滨旅游,20231225,1070,251,819,2023-12-25 周一,-10.0,-16.0,2,8,5,3,113,3
87,哈尔滨旅游,20231226,946,257,689,2023-12-26 周二,-16.0,-19.0,3,1,8,2,98,2
88,哈尔滨旅游,20231227,1086,228,858,2023-12-27 周三,-8.0,-16.0,2,1,6,3,126,3
89,哈尔滨旅游,20231228,1022,218,804,2023-12-28 周四,-6.0,-15.0,8,1,6,2,99,2
90,哈尔滨旅游,20231229,943,180,763,2023-12-29 周五,-5.0,-14.0,8,2,6,2,120,3
91,哈尔滨旅游,20231230,911,184,727,2023-12-30 周六,-10.0,-17.0,8,8,2,3,210,5
92,哈尔滨旅游,20231231,998,148,850,2023-12-31 周日,-16.0,-23.0,1,2,1,2,36,1
93,哈尔滨旅游,20240101,1069,175,894,2024-01-01 周一,-9.0,-18.0,1,2,6,3,87,2
94,哈尔滨旅游,20240102,1696,806,890,2024-01-02 周二,-11.0,-20.0,1,1,6,1,137,3
95,哈尔滨旅游,20240103,1788,846,942,2024-01-03 周三,-9.0,-18.0,1,2,6,2,145,3
96,哈尔滨旅游,20240104,2282,860,1422,2024-01-04 周四,-4.0,-11.0,1,10,5,3,67,2
97,哈尔滨旅游,20240105,1990,774,1216,2024-01-05 周五,-10.0,-21.0,8,2,7,3,50,1
98,哈尔滨旅游,20240106,1521,377,1144,2024-01-06 周六,-15.0,-26.0,2,1,6,2,104,3
99,哈尔滨旅游,20240107,2017,408,1609,2024-01-07 周日,-14.0,-25.0,1,1,7,2,64,2
100,哈尔滨旅游,20240108,2301,735,1566,2024-01-08 周一,-10.0,-26.0,3,1,6,3,48,1
101,哈尔滨旅游,20240109,5600,628,4972,2024-01-09 周二,-13.0,-23.0,8,1,6,1,76,2
102,哈尔滨旅游,20240110,1796,537,1259,2024-01-10 周三,-7.0,-10.0,3,8,6,4,66,2
103,哈尔滨旅游,20240111,1599,523,1076,2024-01-11 周四,-11.0,-26.0,8,2,8,3,67,2
104,哈尔滨旅游,20240112,2033,425,1608,2024-01-12 周五,-13.0,-29.0,4,2,8,1,70,2
105,哈尔滨旅游,20240113,1589,250,1339,2024-01-13 周六,-13.0,-17.0,2,8,5,2,150,3
106,哈尔滨旅游,20240114,2015,260,1755,2024-01-14 周日,-11.0,-23.0,3,1,8,3,66,2
107,哈尔滨旅游,20240115,1739,439,1300,2024-01-15 周一,-11.0,-23.0,2,1,6,2,43,1
108,哈尔滨旅游,20240116,4328,430,3898,2024-01-16 周二,-5.0,-11.0,3,1,6,4,68,2
109,哈尔滨旅游,20240117,3744,402,3342,2024-01-17 周三,-7.0,-21.0,4,1,7,2,79,2
110,哈尔滨旅游,20240118,3235,287,2948,2024-01-18 周四,-10.0,-27.0,3,1,8,1,67,2
111,哈尔滨旅游,20240119,2879,330,2549,2024-01-19 周五,-15.0,-27.0,2,1,8,2,114,3
112,哈尔滨旅游,20240120,1628,188,1440,2024-01-20 周六,-17.0,-22.0,3,8,2,3,58,2
113,哈尔滨旅游,20240121,2117,228,1889,2024-01-21 周日,-19.0,-22.0,3,9,1,2,34,1
114,哈尔滨旅游,20240122,1999,318,1681,2024-01-22 周一,-19.0,-31.0,3,1,8,3,30,1
115,哈尔滨旅游,20240123,3233,330,2903,2024-01-23 周二,-16.0,-24.0,8,2,6,2,94,2
116,哈尔滨旅游,20240124,3939,279,3660,2024-01-24 周三,-14.0,-26.0,3,1,8,2,50,1
117,哈尔滨旅游,20240125,6261,213,6048,2024-01-25 周四,-9.0,-24.0,2,2,5,2,133,3
118,哈尔滨旅游,20240126,6288,208,6080,2024-01-26 周五,-10.0,-23.0,2,2,8,1,245,5
119,哈尔滨旅游,20240127,4100,169,3931,2024-01-27 周六,-10.0,-23.0,2,1,6,1,305,6
120,哈尔滨旅游,20240128,3448,168,3280,2024-01-28 周日,-7.0,-20.0,2,2,5,2,167,4
121,哈尔滨旅游,20240129,5510,288,5222,2024-01-29 周一,-14.0,-27.0,4,1,8,2,97,2
122,哈尔滨旅游,20240130,10508,237,10271,2024-01-30 周二,-15.0,-23.0,2,8,2,2,97,2
123,哈尔滨旅游,20240131,10790,281,10509,2024-01-31 周三,-16.0,-28.0,2,1,8,3,62,2
124,哈尔滨旅游,20240201,10885,212,10673,2024-02-01 周四,-16.0,-25.0,3,1,6,2,54,2
125,哈尔滨旅游,20240202,15226,301,14925,2024-02-02 周五,-13.0,-28.0,2,1,6,1,102,3
126,哈尔滨旅游,20240203,16510,168,16342,2024-02-03 周六,-11.0,-27.0,2,1,6,2,194,4
127,哈尔滨旅游,20240204,18819,364,18455,2024-02-04 周日,-10.0,-27.0,2,1,6,2,138,3
128,哈尔滨旅游,20240205,18387,225,18162,2024-02-05 周一,-13.0,-24.0,2,2,2,2,174,4
129,哈尔滨旅游,20240206,15836,169,15667,2024-02-06 周二,-9.0,-25.0,3,1,8,2,83,2
130,哈尔滨旅游,20240207,15827,144,15683,2024-02-07 周三,-7.0,-23.0,2,1,6,2,187,4
131,哈尔滨旅游,20240208,13612,148,13464,2024-02-08 周四,-5.0,-22.0,2,1,6,2,164,4
132,哈尔滨旅游,20240209,12813,110,12703,2024-02-09 周五,-4.0,-18.0,2,2,5,1,188,4
133,哈尔滨旅游,20240210,11200,85,11115,2024-02-10 周六,-6.0,-14.0,2,2,6,2,425,6
134,哈尔滨旅游,20240211,12552,102,12450,2024-02-11 周日,-2.0,-12.0,2,1,6,2,125,3
135,哈尔滨旅游,20240212,13834,123,13711,2024-02-12 周一,3.0,2.0,3,1,6,5,61,2
136,哈尔滨旅游,20240213,14821,133,14688,2024-02-13 周二,5.0,-6.0,2,1,6,4,78,2
137,哈尔滨旅游,20240214,15336,93,15243,2024-02-14 周三,-2.0,-17.0,3,1,8,3,28,1
138,哈尔滨旅游,20240215,12299,112,12187,2024-02-15 周四,-7.0,-17.0,3,1,7,2,31,1
139,哈尔滨旅游,20240216,15472,140,15332,2024-02-16 周五,1.0,-2.0,2,2,5,4,45,1
140,哈尔滨旅游,20240217,12518,157,12361,2024-02-17 周六,5.0,3.0,2,2,6,4,46,1
141,哈尔滨旅游,20240218,13038,231,12807,2024-02-18 周日,4.0,-11.0,10,8,6,3,35,1
142,哈尔滨旅游,20240219,10905,256,10649,2024-02-19 周一,-9.0,-18.0,3,1,8,3,24,1
143,哈尔滨旅游,20240220,12758,231,12527,2024-02-20 周二,-13.0,-23.0,3,1,7,3,27,1
144,哈尔滨旅游,20240221,10762,175,10587,2024-02-21 周三,-10.0,-21.0,3,1,7,2,29,1
145,哈尔滨旅游,20240222,11286,195,11091,2024-02-22 周四,-8.0,-19.0,3,1,7,2,35,1
146,哈尔滨旅游,20240223,10271,182,10089,2024-02-23 周五,-4.0,-17.0,3,1,7,1,55,2
147,哈尔滨旅游,20240224,7887,120,7767,2024-02-24 周六,-3.0,-14.0,2,2,6,1,88,2
148,哈尔滨旅游,20240225,3808,159,3649,2024-02-25 周日,-2.0,-15.0,2,1,8,2,147,3
149,哈尔滨旅游,20240226,3340,190,3150,2024-02-26 周一,-5.0,-18.0,3,1,8,2,32,1
150,哈尔滨旅游,20240227,2739,184,2555,2024-02-27 周二,-4.0,-9.0,3,8,4,2,66,2
151,哈尔滨旅游,20240228,2579,190,2389,2024-02-28 周三,-5.0,-15.0,3,2,8,2,54,2
152,哈尔滨旅游,20240229,2380,165,2215,2024-02-29 周四,-6.0,-13.0,8,8,6,3,62,2
153,哈尔滨旅游,20240301,2703,151,2552,2024-03-01 周五,-9.0,-17.0,3,1,8,3,31,1
154,哈尔滨旅游,20240302,3523,110,3413,2024-03-02 周六,-8.0,-17.0,3,1,6,2,35,1
155,哈尔滨旅游,20240303,3661,118,3543,2024-03-03 周日,-6.0,-16.0,3,1,7,2,45,1
156,哈尔滨旅游,20240304,2300,150,2150,2024-03-04 周一,-3.0,-12.0,3,1,7,2,39,1
157,哈尔滨旅游,20240305,2010,131,1879,2024-03-05 周二,-1.0,-14.0,3,1,7,2,46,1
158,哈尔滨旅游,20240306,2848,176,2672,2024-03-06 周三,0.0,-14.0,3,1,6,2,46,1
159,哈尔滨旅游,20240307,2964,144,2820,2024-03-07 周四,1.0,-11.0,4,2,6,1,60,2
160,哈尔滨旅游,20240308,8394,125,8269,2024-03-08 周五,-3.0,-14.0,3,1,8,3,32,1
161,哈尔滨旅游,20240309,5411,99,5312,2024-03-09 周六,1.0,-13.0,1,1,6,2,46,1
162,哈尔滨旅游,20240310,5451,97,5354,2024-03-10 周日,4.0,-7.0,4,1,6,2,76,2
163,哈尔滨旅游,20240311,5771,163,5608,2024-03-11 周一,3.0,-7.0,3,1,8,2,78,2
164,哈尔滨旅游,20240312,5470,120,5350,2024-03-12 周二,4.0,-5.0,2,1,6,2,43,1
165,哈尔滨旅游,20240313,5460,139,5321,2024-03-13 周三,6.0,-2.0,1,2,7,1,52,2
166,哈尔滨旅游,20240314,4121,139,3982,2024-03-14 周四,8.0,0.0,2,2,6,2,43,1
167,哈尔滨旅游,20240315,6609,135,6474,2024-03-15 周五,6.0,-5.0,2,2,8,4,42,1
168,哈尔滨旅游,20240316,2622,87,2535,2024-03-16 周六,1.0,-6.0,10,8,3,3,30,1
169,哈尔滨旅游,20240317,1971,106,1865,2024-03-17 周日,1.0,-8.0,1,1,8,3,25,1
170,哈尔滨旅游,20240318,2113,129,1984,2024-03-18 周一,1.0,-8.0,2,1,2,2,29,1
171,哈尔滨旅游,20240319,1422,152,1270,2024-03-19 周二,3.0,-7.0,3,2,7,1,38,1
172,哈尔滨旅游,20240320,1254,139,1115,2024-03-20 周三,3.0,-8.0,2,1,8,2,30,1
173,哈尔滨旅游,20240321,1248,133,1115,2024-03-21 周四,4.0,-5.0,1,1,4,2,47,1
174,哈尔滨旅游,20240322,5322,155,5167,2024-03-22 周五,6.0,-3.0,2,7,4,3,41,1
175,哈尔滨旅游,20240323,4457,85,4372,2024-03-23 周六,5.0,-6.0,7,1,6,3,56,2
176,哈尔滨旅游,20240324,4703,106,4597,2024-03-24 周日,5.0,-5.0,1,1,7,2,28,1
177,哈尔滨旅游,20240325,4133,137,3996,2024-03-25 周一,10.0,-3.0,2,1,8,1,37,1
178,哈尔滨旅游,20240326,4361,146,4215,2024-03-26 周二,9.0,-2.0,4,1,4,2,72,2
179,哈尔滨旅游,20240327,4309,139,4170,2024-03-27 周三,13.0,6.0,3,5,5,4,60,2
180,哈尔滨旅游,20240328,4044,142,3902,2024-03-28 周四,8.0,-4.0,3,1,6,5,172,4
181,哈尔滨旅游,20240329,2826,104,2722,2024-03-29 周五,3.0,-3.0,3,2,6,4,46,1
182,哈尔滨旅游,20240330,5000,76,4924,2024-03-30 周六,2.0,-5.0,3,2,7,3,39,1
183,哈尔滨旅游,20240331,3510,106,3404,2024-03-31 周日,1.0,-5.0,2,1,8,3,35,1
184,哈尔滨旅游,20240401,2050,161,1889,2024-04-01 周一,5.0,-4.0,1,1,8,3,43,1
185,哈尔滨旅游,20240402,1224,131,1093,2024-04-02 周二,10.0,-3.0,3,1,6,3,55,2
186,哈尔滨旅游,20240403,2778,146,2632,2024-04-03 周三,10.0,-2.0,3,2,8,3,51,2
187,哈尔滨旅游,20240404,3308,78,3230,2024-04-04 周四,11.0,0.0,1,1,8,3,42,1
188,哈尔滨旅游,20240405,1730,91,1639,2024-04-05 周五,14.0,7.0,1,2,6,4,59,2
189,哈尔滨旅游,20240406,1086,97,989,2024-04-06 周六,15.0,-2.0,2,1,7,4,67,2
190,哈尔滨旅游,20240407,1538,162,1376,2024-04-07 周日,13.0,-5.0,3,1,6,3,38,1
191,哈尔滨旅游,20240408,1067,150,917,2024-04-08 周一,2.0,-5.0,1,1,8,3,31,1
192,哈尔滨旅游,20240409,1098,137,961,2024-04-09 周二,10.0,-1.0,1,1,6,3,62,2
193,哈尔滨旅游,20240410,1106,131,975,2024-04-10 周三,16.0,5.0,2,1,6,3,166,4
194,哈尔滨旅游,20240411,1059,144,915,2024-04-11 周四,19.0,11.0,2,5,6,4,161,4
195,哈尔滨旅游,20240412,2653,123,2530,2024-04-12 周五,23.0,12.0,5,2,6,4,112,3
196,哈尔滨旅游,20240413,1085,97,988,2024-04-13 周六,23.0,12.0,3,1,6,4,73,2
197,哈尔滨旅游,20240414,934,85,849,2024-04-14 周日,24.0,14.0,2,2,6,5,74,2
198,哈尔滨旅游,20240415,1048,169,879,2024-04-15 周一,21.0,7.0,5,5,6,2,117,3
199,哈尔滨旅游,20240416,1016,154,862,2024-04-16 周二,13.0,2.0,3,1,8,3,53,2
200,哈尔滨旅游,20240417,958,140,818,2024-04-17 周三,21.0,7.0,2,2,6,2,41,1
201,哈尔滨旅游,20240418,986,135,851,2024-04-18 周四,19.0,2.0,3,1,8,3,54,2
202,哈尔滨旅游,20240419,983,116,867,2024-04-19 周五,13.0,1.0,1,1,8,4,44,1
203,哈尔滨旅游,20240420,934,76,858,2024-04-20 周六,16.0,3.0,3,2,4,3,131,3
204,哈尔滨旅游,20240421,1045,97,948,2024-04-21 周日,21.0,10.0,2,2,5,3,134,3
205,哈尔滨旅游,20240422,890,127,763,2024-04-22 周一,22.0,8.0,2,5,5,4,155,4
206,哈尔滨旅游,20240423,974,123,851,2024-04-23 周二,17.0,8.0,3,2,1,1,55,2
207,哈尔滨旅游,20240424,1048,146,902,2024-04-24 周三,19.0,10.0,3,2,6,3,61,2
208,哈尔滨旅游,20240425,1068,142,926,2024-04-25 周四,19.0,7.0,3,2,7,4,47,1
209,哈尔滨旅游,20240426,920,140,780,2024-04-26 周五,17.0,8.0,3,2,8,3,37,1
210,哈尔滨旅游,20240427,1093,89,1004,2024-04-27 周六,16.0,4.0,3,2,8,3,39,1
211,哈尔滨旅游,20240428,1453,172,1281,2024-04-28 周日,13.0,2.0,3,1,1,3,48,1
212,哈尔滨旅游,20240429,1049,186,863,2024-04-29 周一,14.0,5.0,3,2,2,2,69,2
213,哈尔滨旅游,20240430,1067,182,885,2024-04-30 周二,18.0,7.0,3,1,6,2,68,2
32,尔滨,20231101,0,0,0,2023-11-01 周三,4.0,-1.0,3,2,1,1,45,1
33,尔滨,20231102,0,0,0,2023-11-02 周四,12.0,-4.0,4,2,6,2,72,2
34,尔滨,20231103,0,0,0,2023-11-03 周五,0.0,-9.0,2,1,8,3,31,1
35,尔滨,20231104,0,0,0,2023-11-04 周六,0.0,-3.0,3,2,2,3,36,1
36,尔滨,20231105,0,0,0,2023-11-05 周日,1.0,-3.0,3,7,2,3,42,1
37,尔滨,20231106,0,0,0,2023-11-06 周一,-2.0,-9.0,12,10,2,5,37,1
38,尔滨,20231107,0,0,0,2023-11-07 周二,-5.0,-17.0,8,2,7,2,29,1
39,尔滨,20231108,0,0,0,2023-11-08 周三,-5.0,-15.0,11,2,4,2,61,2
40,尔滨,20231109,0,0,0,2023-11-09 周四,-3.0,-18.0,8,1,6,2,60,2
41,尔滨,20231110,0,0,0,2023-11-10 周五,-5.0,-15.0,8,2,7,3,43,1
42,尔滨,20231111,0,0,0,2023-11-11 周六,-7.0,-15.0,8,1,6,2,53,2
43,尔滨,20231112,0,0,0,2023-11-12 周日,-7.0,-11.0,8,1,6,2,79,2
44,尔滨,20231113,0,0,0,2023-11-13 周一,-3.0,-12.0,8,1,6,3,50,1
45,尔滨,20231114,0,0,0,2023-11-14 周二,0.0,-12.0,8,2,5,2,97,2
46,尔滨,20231115,0,0,0,2023-11-15 周三,0.0,-7.0,8,8,6,2,127,3
47,尔滨,20231116,0,0,0,2023-11-16 周四,0.0,-10.0,10,2,6,3,151,4
48,尔滨,20231117,0,0,0,2023-11-17 周五,-3.0,-7.0,3,9,8,2,44,1
49,尔滨,20231118,0,0,0,2023-11-18 周六,-3.0,-9.0,2,2,6,2,35,1
50,尔滨,20231119,0,0,0,2023-11-19 周日,-1.0,-11.0,3,1,8,3,41,1
51,尔滨,20231120,0,0,0,2023-11-20 周一,3.0,-1.0,2,1,6,4,47,1
52,尔滨,20231121,0,0,0,2023-11-21 周二,4.0,-8.0,4,2,6,2,67,2
53,尔滨,20231122,0,0,0,2023-11-22 周三,0.0,-9.0,12,10,2,4,77,2
54,尔滨,20231123,0,0,0,2023-11-23 周四,-8.0,-22.0,8,1,1,4,21,1
55,尔滨,20231124,0,0,0,2023-11-24 周五,-11.0,-21.0,3,1,7,3,27,1
56,尔滨,20231125,0,0,0,2023-11-25 周六,-12.0,-23.0,3,2,6,2,38,1
57,尔滨,20231126,0,0,0,2023-11-26 周日,-12.0,-19.0,4,2,2,1,80,2
58,尔滨,20231127,0,0,0,2023-11-27 周一,-12.0,-22.0,2,2,1,1,116,3
59,尔滨,20231128,0,0,0,2023-11-28 周二,-13.0,-21.0,4,1,6,2,70,2
60,尔滨,20231129,0,0,0,2023-11-29 周三,-13.0,-20.0,3,1,7,3,39,1
61,尔滨,20231130,0,0,0,2023-11-30 周四,-11.0,-22.0,3,1,6,3,38,1
62,尔滨,20231201,0,0,0,2023-12-01 周五,-8.0,-17.0,8,1,6,2,70,2
63,尔滨,20231202,0,0,0,2023-12-02 周六,-5.0,-17.0,8,1,6,2,71,2
64,尔滨,20231203,0,0,0,2023-12-03 周日,-4.0,-13.0,8,1,5,4,63,2
65,尔滨,20231204,0,0,0,2023-12-04 周一,0.0,-14.0,8,2,6,3,56,2
66,尔滨,20231205,0,0,0,2023-12-05 周二,3.0,-8.0,8,2,5,4,134,3
67,尔滨,20231206,0,0,0,2023-12-06 周三,-2.0,-18.0,8,2,6,3,27,1
68,尔滨,20231207,0,0,0,2023-12-07 周四,-8.0,-15.0,8,2,6,2,34,1
69,尔滨,20231208,0,0,0,2023-12-08 周五,2.0,-15.0,2,2,6,3,85,2
70,尔滨,20231209,0,0,0,2023-12-09 周六,-12.0,-21.0,3,1,7,3,29,1
71,尔滨,20231210,0,0,0,2023-12-10 周日,-15.0,-25.0,3,1,7,3,39,1
72,尔滨,20231211,0,0,0,2023-12-11 周一,-17.0,-25.0,2,1,1,1,56,2
73,尔滨,20231212,0,0,0,2023-12-12 周二,-16.0,-26.0,8,1,8,1,65,2
74,尔滨,20231213,0,0,0,2023-12-13 周三,-14.0,-25.0,3,1,2,1,124,3
75,尔滨,20231214,0,0,0,2023-12-14 周四,-17.0,-23.0,2,2,2,2,68,2
76,尔滨,20231215,0,0,0,2023-12-15 周五,-17.0,-20.0,3,2,1,3,35,1
77,尔滨,20231216,0,0,0,2023-12-16 周六,-18.0,-25.0,8,2,8,3,42,1
78,尔滨,20231217,0,0,0,2023-12-17 周日,-19.0,-27.0,3,1,6,3,33,1
79,尔滨,20231218,0,0,0,2023-12-18 周一,-18.0,-27.0,3,1,6,1,90,2
80,尔滨,20231219,0,0,0,2023-12-19 周二,-20.0,-29.0,2,2,1,2,130,3
81,尔滨,20231220,0,0,0,2023-12-20 周三,-21.0,-29.0,3,2,6,2,78,2
82,尔滨,20231221,0,0,0,2023-12-21 周四,-19.0,-29.0,2,1,6,2,101,3
83,尔滨,20231222,0,0,0,2023-12-22 周五,-15.0,-23.0,3,1,6,3,100,2
84,尔滨,20231223,0,0,0,2023-12-23 周六,-10.0,-20.0,3,1,6,2,106,3
85,尔滨,20231224,0,0,0,2023-12-24 周日,-12.0,-22.0,3,1,6,3,89,2
86,尔滨,20231225,0,0,0,2023-12-25 周一,-10.0,-16.0,2,8,5,3,113,3
87,尔滨,20231226,0,0,0,2023-12-26 周二,-16.0,-19.0,3,1,8,2,98,2
88,尔滨,20231227,0,0,0,2023-12-27 周三,-8.0,-16.0,2,1,6,3,126,3
89,尔滨,20231228,0,0,0,2023-12-28 周四,-6.0,-15.0,8,1,6,2,99,2
90,尔滨,20231229,0,0,0,2023-12-29 周五,-5.0,-14.0,8,2,6,2,120,3
91,尔滨,20231230,0,0,0,2023-12-30 周六,-10.0,-17.0,8,8,2,3,210,5
92,尔滨,20231231,0,0,0,2023-12-31 周日,-16.0,-23.0,1,2,1,2,36,1
93,尔滨,20240101,0,0,0,2024-01-01 周一,-9.0,-18.0,1,2,6,3,87,2
94,尔滨,20240102,0,0,0,2024-01-02 周二,-11.0,-20.0,1,1,6,1,137,3
95,尔滨,20240103,0,0,0,2024-01-03 周三,-9.0,-18.0,1,2,6,2,145,3
96,尔滨,20240104,0,0,0,2024-01-04 周四,-4.0,-11.0,1,10,5,3,67,2
97,尔滨,20240105,2746,928,1818,2024-01-05 周五,-10.0,-21.0,8,2,7,3,50,1
98,尔滨,20240106,0,0,0,2024-01-06 周六,-15.0,-26.0,2,1,6,2,104,3
99,尔滨,20240107,1902,412,1490,2024-01-07 周日,-14.0,-25.0,1,1,7,2,64,2
100,尔滨,20240108,1673,456,1217,2024-01-08 周一,-10.0,-26.0,3,1,6,3,48,1
101,尔滨,20240109,1874,894,980,2024-01-09 周二,-13.0,-23.0,8,1,6,1,76,2
102,尔滨,20240110,1811,889,922,2024-01-10 周三,-7.0,-10.0,3,8,6,4,66,2
103,尔滨,20240111,2306,1380,926,2024-01-11 周四,-11.0,-26.0,8,2,8,3,67,2
104,尔滨,20240112,2269,1165,1104,2024-01-12 周五,-13.0,-29.0,4,2,8,1,70,2
105,尔滨,20240113,1588,642,946,2024-01-13 周六,-13.0,-17.0,2,8,5,2,150,3
106,尔滨,20240114,1270,372,898,2024-01-14 周日,-11.0,-23.0,3,1,8,3,66,2
107,尔滨,20240115,1628,749,879,2024-01-15 周一,-11.0,-23.0,2,1,6,2,43,1
108,尔滨,20240116,1736,884,852,2024-01-16 周二,-5.0,-11.0,3,1,6,4,68,2
109,尔滨,20240117,1423,605,818,2024-01-17 周三,-7.0,-21.0,4,1,7,2,79,2
110,尔滨,20240118,1213,473,740,2024-01-18 周四,-10.0,-27.0,3,1,8,1,67,2
111,尔滨,20240119,1350,564,786,2024-01-19 周五,-15.0,-27.0,2,1,8,2,114,3
112,尔滨,20240120,855,204,651,2024-01-20 周六,-17.0,-22.0,3,8,2,3,58,2
113,尔滨,20240121,1190,349,841,2024-01-21 周日,-19.0,-22.0,3,9,1,2,34,1
114,尔滨,20240122,1126,428,698,2024-01-22 周一,-19.0,-31.0,3,1,8,3,30,1
115,尔滨,20240123,1061,388,673,2024-01-23 周二,-16.0,-24.0,8,2,6,2,94,2
116,尔滨,20240124,861,316,545,2024-01-24 周三,-14.0,-26.0,3,1,8,2,50,1
117,尔滨,20240125,783,265,518,2024-01-25 周四,-9.0,-24.0,2,2,5,2,133,3
118,尔滨,20240126,734,251,483,2024-01-26 周五,-10.0,-23.0,2,2,8,1,245,5
119,尔滨,20240127,671,184,487,2024-01-27 周六,-10.0,-23.0,2,1,6,1,305,6
120,尔滨,20240128,620,172,448,2024-01-28 周日,-7.0,-20.0,2,2,5,2,167,4
121,尔滨,20240129,654,270,384,2024-01-29 周一,-14.0,-27.0,4,1,8,2,97,2
122,尔滨,20240130,759,293,466,2024-01-30 周二,-15.0,-23.0,2,8,2,2,97,2
123,尔滨,20240131,669,260,409,2024-01-31 周三,-16.0,-28.0,2,1,8,3,62,2
124,尔滨,20240201,585,223,362,2024-02-01 周四,-16.0,-25.0,3,1,6,2,54,2
125,尔滨,20240202,527,187,340,2024-02-02 周五,-13.0,-28.0,2,1,6,1,102,3
126,尔滨,20240203,648,253,395,2024-02-03 周六,-11.0,-27.0,2,1,6,2,194,4
127,尔滨,20240204,621,226,395,2024-02-04 周日,-10.0,-27.0,2,1,6,2,138,3
128,尔滨,20240205,486,172,314,2024-02-05 周一,-13.0,-24.0,2,2,2,2,174,4
129,尔滨,20240206,541,169,372,2024-02-06 周二,-9.0,-25.0,3,1,8,2,83,2
130,尔滨,20240207,396,133,263,2024-02-07 周三,-7.0,-23.0,2,1,6,2,187,4
131,尔滨,20240208,368,101,267,2024-02-08 周四,-5.0,-22.0,2,1,6,2,164,4
132,尔滨,20240209,376,78,298,2024-02-09 周五,-4.0,-18.0,2,2,5,1,188,4
133,尔滨,20240210,350,70,280,2024-02-10 周六,-6.0,-14.0,2,2,6,2,425,6
134,尔滨,20240211,334,72,262,2024-02-11 周日,-2.0,-12.0,2,1,6,2,125,3
135,尔滨,20240212,358,70,288,2024-02-12 周一,3.0,2.0,3,1,6,5,61,2
136,尔滨,20240213,383,91,292,2024-02-13 周二,5.0,-6.0,2,1,6,4,78,2
137,尔滨,20240214,372,91,281,2024-02-14 周三,-2.0,-17.0,3,1,8,3,28,1
138,尔滨,20240215,429,108,321,2024-02-15 周四,-7.0,-17.0,3,1,7,2,31,1
139,尔滨,20240216,384,102,282,2024-02-16 周五,1.0,-2.0,2,2,5,4,45,1
140,尔滨,20240217,417,129,288,2024-02-17 周六,5.0,3.0,2,2,6,4,46,1
141,尔滨,20240218,457,180,277,2024-02-18 周日,4.0,-11.0,10,8,6,3,35,1
142,尔滨,20240219,440,179,261,2024-02-19 周一,-9.0,-18.0,3,1,8,3,24,1
143,尔滨,20240220,386,169,217,2024-02-20 周二,-13.0,-23.0,3,1,7,3,27,1
144,尔滨,20240221,332,121,211,2024-02-21 周三,-10.0,-21.0,3,1,7,2,29,1
145,尔滨,20240222,343,169,174,2024-02-22 周四,-8.0,-19.0,3,1,7,2,35,1
146,尔滨,20240223,348,144,204,2024-02-23 周五,-4.0,-17.0,3,1,7,1,55,2
147,尔滨,20240224,296,97,199,2024-02-24 周六,-3.0,-14.0,2,2,6,1,88,2
148,尔滨,20240225,264,101,163,2024-02-25 周日,-2.0,-15.0,2,1,8,2,147,3
149,尔滨,20240226,631,349,282,2024-02-26 周一,-5.0,-18.0,3,1,8,2,32,1
150,尔滨,20240227,430,218,212,2024-02-27 周二,-4.0,-9.0,3,8,4,2,66,2
151,尔滨,20240228,343,157,186,2024-02-28 周三,-5.0,-15.0,3,2,8,2,54,2
152,尔滨,20240229,278,127,151,2024-02-29 周四,-6.0,-13.0,8,8,6,3,62,2
153,尔滨,20240301,248,97,151,2024-03-01 周五,-9.0,-17.0,3,1,8,3,31,1
154,尔滨,20240302,233,85,148,2024-03-02 周六,-8.0,-17.0,3,1,6,2,35,1
155,尔滨,20240303,225,95,130,2024-03-03 周日,-6.0,-16.0,3,1,7,2,45,1
156,尔滨,20240304,282,116,166,2024-03-04 周一,-3.0,-12.0,3,1,7,2,39,1
157,尔滨,20240305,239,121,118,2024-03-05 周二,-1.0,-14.0,3,1,7,2,46,1
158,尔滨,20240306,262,127,135,2024-03-06 周三,0.0,-14.0,3,1,6,2,46,1
159,尔滨,20240307,322,144,178,2024-03-07 周四,1.0,-11.0,4,2,6,1,60,2
160,尔滨,20240308,230,102,128,2024-03-08 周五,-3.0,-14.0,3,1,8,3,32,1
161,尔滨,20240309,185,76,109,2024-03-09 周六,1.0,-13.0,1,1,6,2,46,1
162,尔滨,20240310,201,76,125,2024-03-10 周日,4.0,-7.0,4,1,6,2,76,2
163,尔滨,20240311,221,104,117,2024-03-11 周一,3.0,-7.0,3,1,8,2,78,2
164,尔滨,20240312,239,129,110,2024-03-12 周二,4.0,-5.0,2,1,6,2,43,1
165,尔滨,20240313,219,91,128,2024-03-13 周三,6.0,-2.0,1,2,7,1,52,2
166,尔滨,20240314,241,123,118,2024-03-14 周四,8.0,0.0,2,2,6,2,43,1
167,尔滨,20240315,253,106,147,2024-03-15 周五,6.0,-5.0,2,2,8,4,42,1
168,尔滨,20240316,227,78,149,2024-03-16 周六,1.0,-6.0,10,8,3,3,30,1
169,尔滨,20240317,210,78,132,2024-03-17 周日,1.0,-8.0,1,1,8,3,25,1
170,尔滨,20240318,249,127,122,2024-03-18 周一,1.0,-8.0,2,1,2,2,29,1
171,尔滨,20240319,243,120,123,2024-03-19 周二,3.0,-7.0,3,2,7,1,38,1
172,尔滨,20240320,208,104,104,2024-03-20 周三,3.0,-8.0,2,1,8,2,30,1
173,尔滨,20240321,210,110,100,2024-03-21 周四,4.0,-5.0,1,1,4,2,47,1
174,尔滨,20240322,186,99,87,2024-03-22 周五,6.0,-3.0,2,7,4,3,41,1
175,尔滨,20240323,179,80,99,2024-03-23 周六,5.0,-6.0,7,1,6,3,56,2
176,尔滨,20240324,214,82,132,2024-03-24 周日,5.0,-5.0,1,1,7,2,28,1
177,尔滨,20240325,186,89,97,2024-03-25 周一,10.0,-3.0,2,1,8,1,37,1
178,尔滨,20240326,218,106,112,2024-03-26 周二,9.0,-2.0,4,1,4,2,72,2
179,尔滨,20240327,217,95,122,2024-03-27 周三,13.0,6.0,3,5,5,4,60,2
180,尔滨,20240328,198,102,96,2024-03-28 周四,8.0,-4.0,3,1,6,5,172,4
181,尔滨,20240329,186,78,108,2024-03-29 周五,3.0,-3.0,3,2,6,4,46,1
182,尔滨,20240330,178,76,102,2024-03-30 周六,2.0,-5.0,3,2,7,3,39,1
183,尔滨,20240331,160,68,92,2024-03-31 周日,1.0,-5.0,2,1,8,3,35,1
184,尔滨,20240401,194,95,99,2024-04-01 周一,5.0,-4.0,1,1,8,3,43,1
185,尔滨,20240402,192,101,91,2024-04-02 周二,10.0,-3.0,3,1,6,3,55,2
186,尔滨,20240403,177,80,97,2024-04-03 周三,10.0,-2.0,3,2,8,3,51,2
187,尔滨,20240404,163,68,95,2024-04-04 周四,11.0,0.0,1,1,8,3,42,1
188,尔滨,20240405,163,66,97,2024-04-05 周五,14.0,7.0,1,2,6,4,59,2
189,尔滨,20240406,177,82,95,2024-04-06 周六,15.0,-2.0,2,1,7,4,67,2
190,尔滨,20240407,209,104,105,2024-04-07 周日,13.0,-5.0,3,1,6,3,38,1
191,尔滨,20240408,185,89,96,2024-04-08 周一,2.0,-5.0,1,1,8,3,31,1
192,尔滨,20240409,194,99,95,2024-04-09 周二,10.0,-1.0,1,1,6,3,62,2
193,尔滨,20240410,190,99,91,2024-04-10 周三,16.0,5.0,2,1,6,3,166,4
194,尔滨,20240411,177,93,84,2024-04-11 周四,19.0,11.0,2,5,6,4,161,4
195,尔滨,20240412,177,93,84,2024-04-12 周五,23.0,12.0,5,2,6,4,112,3
196,尔滨,20240413,171,76,95,2024-04-13 周六,23.0,12.0,3,1,6,4,73,2
197,尔滨,20240414,177,82,95,2024-04-14 周日,24.0,14.0,2,2,6,5,74,2
198,尔滨,20240415,181,97,84,2024-04-15 周一,21.0,7.0,5,5,6,2,117,3
199,尔滨,20240416,195,87,108,2024-04-16 周二,13.0,2.0,3,1,8,3,53,2
200,尔滨,20240417,193,101,92,2024-04-17 周三,21.0,7.0,2,2,6,2,41,1
201,尔滨,20240418,180,85,95,2024-04-18 周四,19.0,2.0,3,1,8,3,54,2
202,尔滨,20240419,170,74,96,2024-04-19 周五,13.0,1.0,1,1,8,4,44,1
203,尔滨,20240420,167,80,87,2024-04-20 周六,16.0,3.0,3,2,4,3,131,3
204,尔滨,20240421,195,83,112,2024-04-21 周日,21.0,10.0,2,2,5,3,134,3
205,尔滨,20240422,182,83,99,2024-04-22 周一,22.0,8.0,2,5,5,4,155,4
206,尔滨,20240423,175,97,78,2024-04-23 周二,17.0,8.0,3,2,1,1,55,2
207,尔滨,20240424,179,82,97,2024-04-24 周三,19.0,10.0,3,2,6,3,61,2
208,尔滨,20240425,174,85,89,2024-04-25 周四,19.0,7.0,3,2,7,4,47,1
209,尔滨,20240426,179,87,92,2024-04-26 周五,17.0,8.0,3,2,8,3,37,1
210,尔滨,20240427,175,66,109,2024-04-27 周六,16.0,4.0,3,2,8,3,39,1
211,尔滨,20240428,194,95,99,2024-04-28 周日,13.0,2.0,3,1,1,3,48,1
212,尔滨,20240429,158,78,80,2024-04-29 周一,14.0,5.0,3,2,2,2,69,2
213,尔滨,20240430,163,76,87,2024-04-30 周二,18.0,7.0,3,1,6,2,68,2
