date,日期,最高温,最低温,天气1,天气2,风向,风力,空气质量,质量等级
1,2022-01-01 周六,-13.0,-23.0,14,14,4,2,107,3
2,2022-01-02 周日,-11.0,-22.0,1,1,6,3,55,2
3,2022-01-03 周一,-11.0,-21.0,2,1,6,2,52,2
4,2022-01-04 周二,-14.0,-22.0,2,2,6,2,80,2
5,2022-01-05 周三,-9.0,-22.0,2,14,5,2,94,2
6,2022-01-06 周四,-16.0,-24.0,2,1,7,2,110,3
7,2022-01-07 周五,-7.0,-17.0,2,2,5,3,114,3
8,2022-01-08 周六,-16.0,-23.0,2,2,8,2,83,2
9,2022-01-09 周日,-12.0,-18.0,2,14,5,2,93,2
10,2022-01-10 周一,-14.0,-25.0,15,2,8,2,169,4
11,2022-01-11 周二,-18.0,-25.0,2,1,8,2,54,2
12,2022-01-12 周三,-14.0,-24.0,2,1,5,2,118,3
13,2022-01-13 周四,-19.0,-25.0,2,1,8,2,147,3
14,2022-01-14 周五,-11.0,-19.0,2,14,4,2,134,3
15,2022-01-15 周六,-6.0,-22.0,13,14,6,3,79,2
16,2022-01-16 周日,-15.0,-26.0,2,1,7,2,40,1
17,2022-01-17 周一,-16.0,-27.0,2,1,8,2,61,2
18,2022-01-18 周二,-15.0,-27.0,2,2,8,1,86,2
19,2022-01-19 周三,-17.0,-27.0,2,1,8,2,112,3
20,2022-01-20 周四,-14.0,-26.0,2,1,6,2,143,3
21,2022-01-21 周五,-14.0,-26.0,2,1,3,1,272,5
22,2022-01-22 周六,-13.0,-25.0,2,1,1,2,160,4
23,2022-01-23 周日,-12.0,-24.0,2,1,7,2,146,3
24,2022-01-24 周一,-10.0,-23.0,2,2,2,1,279,5
25,2022-01-25 周二,-11.0,-19.0,2,14,2,1,221,5
26,2022-01-26 周三,-10.0,-22.0,13,2,6,2,209,5
27,2022-01-27 周四,-10.0,-23.0,2,2,6,2,194,4
28,2022-01-28 周五,-10.0,-21.0,2,1,6,3,55,2
29,2022-01-29 周六,-10.0,-20.0,2,1,6,2,54,2
30,2022-01-30 周日,-10.0,-22.0,2,1,7,2,74,2
31,2022-01-31 周一,-7.0,-23.0,2,1,6,1,123,3
32,2022-02-01 周二,-9.0,-22.0,2,1,6,2,164,4
33,2022-02-02 周三,-11.0,-23.0,2,1,6,2,56,2
34,2022-02-03 周四,-11.0,-22.0,2,1,6,2,59,2
35,2022-02-04 周五,-12.0,-23.0,2,1,7,2,70,2
36,2022-02-05 周六,-12.0,-25.0,2,2,7,2,67,2
37,2022-02-06 周日,-8.0,-21.0,4,1,6,2,67,2
38,2022-02-07 周一,-5.0,-19.0,2,1,6,2,96,2
39,2022-02-08 周二,-5.0,-16.0,2,1,6,2,87,2
40,2022-02-09 周三,0.0,-17.0,2,1,5,3,116,3
41,2022-02-10 周四,-5.0,-16.0,2,14,2,2,148,3
42,2022-02-11 周五,-8.0,-20.0,15,13,1,3,80,2
43,2022-02-12 周六,-9.0,-25.0,2,1,8,2,38,1
44,2022-02-13 周日,-11.0,-24.0,2,1,8,1,103,3
45,2022-02-14 周一,-14.0,-24.0,2,2,1,2,75,2
46,2022-02-15 周二,-13.0,-17.0,3,13,7,2,67,2
47,2022-02-16 周三,-12.0,-22.0,13,2,8,2,152,4
48,2022-02-17 周四,-8.0,-21.0,2,2,6,2,87,2
49,2022-02-18 周五,-8.0,-20.0,3,14,4,2,94,2
50,2022-02-19 周六,-11.0,-21.0,3,2,8,2,93,2
51,2022-02-20 周日,-11.0,-23.0,2,2,7,2,139,3
52,2022-02-21 周一,-10.0,-26.0,2,1,7,2,74,2
53,2022-02-22 周二,-11.0,-23.0,2,1,7,2,74,2
54,2022-02-23 周三,-8.0,-14.0,1,1,6,3,60,2
55,2022-02-24 周四,-3.0,-12.0,1,1,6,3,55,2
56,2022-02-25 周五,2.0,-10.0,1,2,6,3,60,2
57,2022-02-26 周六,0.0,-12.0,2,1,6,3,43,1
58,2022-02-27 周日,-1.0,-13.0,2,2,6,2,37,1
59,2022-02-28 周一,0.0,-11.0,2,1,6,2,49,1
60,2022-03-01 周二,0.0,-8.0,2,1,6,3,31,1
61,2022-03-02 周三,-2.0,-13.0,15,2,6,3,61,2
62,2022-03-03 周四,1.0,-6.0,1,2,6,2,64,2
63,2022-03-04 周五,3.0,-7.0,11,14,6,4,50,1
64,2022-03-05 周六,-3.0,-10.0,3,2,8,4,41,1
65,2022-03-06 周日,-1.0,-12.0,1,1,8,2,31,1
66,2022-03-07 周一,2.0,-9.0,2,1,5,2,65,2
67,2022-03-08 周二,4.0,-6.0,4,1,4,2,106,3
68,2022-03-09 周三,7.0,-1.0,1,1,4,2,144,3
69,2022-03-10 周四,8.0,-4.0,1,1,6,3,58,2
70,2022-03-11 周五,4.0,-8.0,1,1,7,3,58,2
71,2022-03-12 周六,4.0,-3.0,2,11,4,2,57,2
72,2022-03-13 周日,2.0,-5.0,2,2,1,2,30,1
73,2022-03-14 周一,0.0,-7.0,12,2,2,3,32,1
74,2022-03-15 周二,1.0,-4.0,4,13,3,2,44,1
75,2022-03-16 周三,-1.0,-11.0,2,1,8,3,30,1
76,2022-03-17 周四,-2.0,-12.0,1,1,7,3,24,1
77,2022-03-18 周五,-1.0,-9.0,2,2,2,2,43,1
78,2022-03-19 周六,0.0,-10.0,1,1,2,2,33,1
79,2022-03-20 周日,2.0,-9.0,1,1,7,2,38,1
80,2022-03-21 周一,2.0,-6.0,2,1,6,3,44,1
81,2022-03-22 周二,6.0,-4.0,1,1,6,3,32,1
82,2022-03-23 周三,9.0,0.0,2,2,6,3,55,2
83,2022-03-24 周四,8.0,0.0,2,5,5,3,81,2
84,2022-03-25 周五,6.0,-3.0,2,2,6,4,54,2
85,2022-03-26 周六,7.0,-2.0,11,11,8,2,42,1
86,2022-03-27 周日,6.0,-3.0,2,1,8,3,26,1
87,2022-03-28 周一,12.0,4.0,1,1,6,4,59,2
88,2022-03-29 周二,8.0,-5.0,11,2,6,4,55,2
89,2022-03-30 周三,6.0,-6.0,1,1,8,2,25,1
90,2022-03-31 周四,6.0,-4.0,1,1,8,3,30,1
91,2022-04-01 周五,8.0,-2.0,1,1,7,2,36,1
92,2022-04-02 周六,12.0,1.0,1,1,6,3,47,1
93,2022-04-03 周日,14.0,7.0,1,1,6,4,58,2
94,2022-04-04 周一,18.0,2.0,2,11,6,4,72,2
95,2022-04-05 周二,5.0,-6.0,3,1,7,5,73,2
96,2022-04-06 周三,4.0,-4.0,1,2,8,4,33,1
97,2022-04-07 周四,7.0,0.0,1,1,8,3,42,1
98,2022-04-08 周五,17.0,4.0,2,2,6,4,138,3
99,2022-04-09 周六,17.0,6.0,1,5,8,2,74,2
100,2022-04-10 周日,19.0,4.0,2,2,6,4,94,2
101,2022-04-11 周一,8.0,0.0,5,2,2,2,38,1
102,2022-04-12 周二,12.0,-2.0,1,1,1,3,23,1
103,2022-04-13 周三,13.0,-1.0,2,2,8,2,54,2
104,2022-04-14 周四,12.0,-2.0,2,1,2,3,42,1
105,2022-04-15 周五,14.0,3.0,2,1,6,3,57,2
106,2022-04-16 周六,13.0,-2.0,2,1,8,3,100,2
107,2022-04-17 周日,11.0,0.0,2,2,8,3,89,2
108,2022-04-18 周一,13.0,7.0,2,1,6,2,171,4
109,2022-04-19 周二,24.0,12.0,2,1,6,4,255,5
110,2022-04-20 周三,26.0,17.0,5,2,6,6,180,4
111,2022-04-21 周四,19.0,5.0,5,6,6,4,121,3
112,2022-04-22 周五,13.0,5.0,2,1,8,3,22,1
113,2022-04-23 周六,19.0,4.0,2,2,6,5,165,4
114,2022-04-24 周日,15.0,5.0,1,2,7,3,58,2
115,2022-04-25 周一,17.0,9.0,2,5,6,3,188,4
116,2022-04-26 周二,12.0,3.0,2,5,7,5,68,2
117,2022-04-27 周三,13.0,-1.0,1,1,8,3,28,1
118,2022-04-28 周四,15.0,-1.0,2,1,1,2,77,2
119,2022-04-29 周五,18.0,5.0,1,5,4,3,95,2
120,2022-04-30 周六,9.0,2.0,6,5,6,3,36,1
121,2022-05-01 周日,9.0,-1.0,4,2,8,3,35,1
122,2022-05-02 周一,15.0,7.0,3,5,6,3,40,1
123,2022-05-03 周二,22.0,10.0,2,2,6,3,54,2
124,2022-05-04 周三,27.0,16.0,2,2,5,4,97,2
125,2022-05-05 周四,27.0,8.0,2,6,6,5,119,3
126,2022-05-06 周五,12.0,2.0,5,2,8,4,25,1
127,2022-05-07 周六,16.0,2.0,1,1,8,3,23,1
128,2022-05-08 周日,19.0,6.0,1,1,1,2,58,2
129,2022-05-09 周一,24.0,12.0,1,1,6,3,83,2
130,2022-05-10 周二,25.0,8.0,2,5,6,4,65,2
131,2022-05-11 周三,15.0,4.0,2,2,7,3,46,1
132,2022-05-12 周四,14.0,6.0,2,2,6,3,26,1
133,2022-05-13 周五,15.0,3.0,2,2,4,3,45,1
134,2022-05-14 周六,17.0,6.0,2,2,8,3,36,1
135,2022-05-15 周日,19.0,4.0,2,2,8,3,38,1
136,2022-05-16 周一,20.0,8.0,1,2,8,3,44,1
137,2022-05-17 周二,24.0,7.0,2,2,6,3,45,1
138,2022-05-18 周三,23.0,11.0,1,1,4,2,39,1
139,2022-05-19 周四,24.0,11.0,2,2,5,3,54,2
140,2022-05-20 周五,29.0,14.0,1,2,6,3,65,2
141,2022-05-21 周六,24.0,10.0,2,2,1,3,39,1
142,2022-05-22 周日,24.0,15.0,1,2,2,2,32,1
143,2022-05-23 周一,30.0,14.0,2,2,6,3,55,2
144,2022-05-24 周二,20.0,11.0,2,2,2,3,45,1
145,2022-05-25 周三,12.0,10.0,5,6,2,3,16,1
146,2022-05-26 周四,15.0,9.0,6,5,3,2,20,1
147,2022-05-27 周五,19.0,11.0,2,2,5,2,30,1
148,2022-05-28 周六,25.0,14.0,2,2,6,3,42,1
149,2022-05-29 周日,21.0,10.0,5,5,6,4,49,1
150,2022-05-30 周一,18.0,10.0,5,2,6,3,26,1
151,2022-05-31 周二,20.0,10.0,2,8,6,2,29,1
152,2022-06-01 周三,19.0,10.0,5,2,6,2,28,1
153,2022-06-02 周四,23.0,10.0,2,2,2,1,38,1
154,2022-06-03 周五,23.0,14.0,2,2,4,3,34,1
155,2022-06-04 周六,23.0,12.0,2,5,3,4,32,1
156,2022-06-05 周日,12.0,10.0,6,5,3,4,17,1
157,2022-06-06 周一,12.0,10.0,5,2,2,3,18,1
158,2022-06-07 周二,22.0,14.0,2,2,3,3,28,1
159,2022-06-08 周三,26.0,13.0,1,2,4,2,46,1
160,2022-06-09 周四,26.0,14.0,2,5,6,2,41,1
161,2022-06-10 周五,24.0,14.0,2,2,2,2,44,1
162,2022-06-11 周六,22.0,16.0,2,2,4,2,43,1
163,2022-06-12 周日,27.0,17.0,2,8,5,3,38,1
164,2022-06-13 周一,24.0,16.0,8,2,4,3,43,1
165,2022-06-14 周二,25.0,15.0,2,2,4,2,32,1
166,2022-06-15 周三,25.0,13.0,5,8,8,1,45,1
167,2022-06-16 周四,23.0,16.0,7,8,6,3,37,1
168,2022-06-17 周五,26.0,16.0,5,2,8,3,29,1
169,2022-06-18 周六,28.0,18.0,5,8,7,2,33,1
170,2022-06-19 周日,28.0,18.0,2,2,1,2,38,1
171,2022-06-20 周一,29.0,21.0,2,8,5,3,59,2
172,2022-06-21 周二,29.0,20.0,2,2,6,4,30,1
173,2022-06-22 周三,30.0,21.0,2,2,6,4,54,2
174,2022-06-23 周四,26.0,18.0,4,5,4,3,50,1
175,2022-06-24 周五,23.0,18.0,5,5,8,2,29,1
176,2022-06-25 周六,23.0,17.0,5,3,8,3,21,1
177,2022-06-26 周日,27.0,18.0,5,2,6,1,38,1
178,2022-06-27 周一,29.0,21.0,2,5,4,2,50,1
179,2022-06-28 周二,26.0,18.0,2,2,2,3,33,1
180,2022-06-29 周三,27.0,19.0,2,2,3,3,32,1
181,2022-06-30 周四,29.0,18.0,2,1,3,2,45,1
182,2022-07-01 周五,29.0,21.0,2,2,4,2,43,1
183,2022-07-02 周六,29.0,21.0,6,8,6,2,41,1
184,2022-07-03 周日,29.0,22.0,2,2,6,3,44,1
185,2022-07-04 周一,28.0,22.0,2,2,6,3,67,2
186,2022-07-05 周二,30.0,21.0,2,2,5,2,59,2
187,2022-07-06 周三,32.0,23.0,2,6,5,3,39,1
188,2022-07-07 周四,24.0,21.0,5,2,4,2,27,1
189,2022-07-08 周五,29.0,21.0,5,2,6,2,30,1
190,2022-07-09 周六,28.0,19.0,1,2,6,3,30,1
191,2022-07-10 周日,30.0,19.0,2,5,5,3,33,1
192,2022-07-11 周一,28.0,20.0,2,1,5,2,42,1
193,2022-07-12 周二,30.0,22.0,5,2,4,2,52,2
194,2022-07-13 周三,27.0,21.0,2,6,4,2,51,2
195,2022-07-14 周四,24.0,19.0,5,8,4,3,23,1
196,2022-07-15 周五,24.0,19.0,2,2,2,4,27,1
197,2022-07-16 周六,25.0,19.0,2,2,3,3,34,1
198,2022-07-17 周日,27.0,19.0,2,8,3,3,29,1
199,2022-07-18 周一,28.0,18.0,2,2,3,2,39,1
200,2022-07-19 周二,28.0,19.0,5,2,4,1,44,1
201,2022-07-20 周三,30.0,20.0,2,2,4,1,50,1
202,2022-07-21 周四,30.0,20.0,2,2,2,2,41,1
203,2022-07-22 周五,29.0,20.0,2,1,2,2,30,1
204,2022-07-23 周六,28.0,19.0,1,2,3,3,37,1
205,2022-07-24 周日,25.0,20.0,5,5,3,2,29,1
206,2022-07-25 周一,29.0,20.0,2,3,5,2,28,1
207,2022-07-26 周二,31.0,21.0,2,1,5,2,58,2
208,2022-07-27 周三,33.0,22.0,2,3,5,2,67,2
209,2022-07-28 周四,33.0,21.0,2,8,6,2,46,1
210,2022-07-29 周五,26.0,22.0,5,8,6,2,37,1
211,2022-07-30 周六,28.0,22.0,6,2,6,3,30,1
212,2022-07-31 周日,31.0,21.0,2,2,5,3,39,1
213,2022-08-01 周一,31.0,22.0,2,1,6,2,45,1
214,2022-08-02 周二,33.0,23.0,2,2,6,2,43,1
215,2022-08-03 周三,34.0,22.0,2,2,6,2,50,1
216,2022-08-04 周四,32.0,23.0,2,7,5,2,45,1
217,2022-08-05 周五,29.0,20.0,2,2,6,4,37,1
218,2022-08-06 周六,30.0,20.0,2,8,6,2,27,1
219,2022-08-07 周日,26.0,18.0,2,2,6,3,29,1
220,2022-08-08 周一,25.0,16.0,1,1,7,3,17,1
221,2022-08-09 周二,27.0,16.0,1,1,6,3,34,1
222,2022-08-10 周三,27.0,16.0,2,1,6,3,30,1
223,2022-08-11 周四,26.0,15.0,2,2,7,2,33,1
224,2022-08-12 周五,25.0,16.0,2,2,7,2,27,1
225,2022-08-13 周六,26.0,15.0,8,2,6,3,47,1
226,2022-08-14 周日,25.0,18.0,4,2,5,2,44,1
227,2022-08-15 周一,27.0,17.0,2,2,2,2,36,1
228,2022-08-16 周二,28.0,17.0,1,1,8,2,43,1
229,2022-08-17 周三,29.0,18.0,2,2,5,2,39,1
230,2022-08-18 周四,28.0,21.0,2,7,6,3,50,1
231,2022-08-19 周五,22.0,15.0,5,1,8,3,31,1
232,2022-08-20 周六,23.0,15.0,2,2,7,3,22,1
233,2022-08-21 周日,22.0,16.0,5,6,4,2,25,1
234,2022-08-22 周一,19.0,13.0,6,2,6,3,24,1
235,2022-08-23 周二,23.0,13.0,1,2,8,3,19,1
236,2022-08-24 周三,25.0,14.0,2,2,6,3,26,1
237,2022-08-25 周四,20.0,11.0,6,2,6,3,24,1
238,2022-08-26 周五,21.0,11.0,3,5,6,3,15,1
239,2022-08-27 周六,22.0,11.0,2,1,8,2,23,1
240,2022-08-28 周日,24.0,16.0,1,2,6,3,27,1
241,2022-08-29 周一,19.0,11.0,5,2,5,2,30,1
242,2022-08-30 周二,22.0,13.0,2,2,5,3,24,1
243,2022-08-31 周三,25.0,11.0,4,5,6,2,37,1
244,2022-09-01 周四,20.0,12.0,2,1,7,3,23,1
245,2022-09-02 周五,25.0,13.0,1,2,6,3,24,1
246,2022-09-03 周六,27.0,15.0,1,2,5,3,35,1
247,2022-09-04 周日,23.0,14.0,5,5,4,2,37,1
248,2022-09-05 周一,20.0,13.0,4,2,5,3,27,1
249,2022-09-06 周二,19.0,11.0,2,5,5,2,23,1
250,2022-09-07 周三,21.0,15.0,2,1,6,3,19,1
251,2022-09-08 周四,27.0,14.0,2,1,6,3,38,1
252,2022-09-09 周五,26.0,12.0,1,1,2,2,41,1
253,2022-09-10 周六,27.0,16.0,1,1,4,2,53,2
254,2022-09-11 周日,29.0,16.0,4,2,6,2,56,2
255,2022-09-12 周一,27.0,12.0,2,1,6,3,45,1
256,2022-09-13 周二,21.0,8.0,2,1,2,3,24,1
257,2022-09-14 周三,23.0,14.0,1,1,3,1,61,2
258,2022-09-15 周四,23.0,15.0,4,2,5,2,50,1
259,2022-09-16 周五,21.0,15.0,2,5,3,3,41,1
260,2022-09-17 周六,19.0,14.0,2,1,4,2,25,1
261,2022-09-18 周日,19.0,8.0,2,1,7,4,31,1
262,2022-09-19 周一,16.0,4.0,2,1,8,4,26,1
263,2022-09-20 周二,16.0,8.0,1,1,7,3,26,1
264,2022-09-21 周三,24.0,14.0,2,2,6,4,46,1
265,2022-09-22 周四,22.0,13.0,2,5,5,4,39,1
266,2022-09-23 周五,15.0,9.0,5,5,6,3,28,1
267,2022-09-24 周六,20.0,11.0,2,2,7,3,23,1
268,2022-09-25 周日,25.0,9.0,2,1,6,4,40,1
269,2022-09-26 周一,18.0,8.0,1,1,8,2,42,1
270,2022-09-27 周二,25.0,15.0,2,1,5,3,55,2
271,2022-09-28 周三,22.0,11.0,2,2,6,3,69,2
272,2022-09-29 周四,26.0,13.0,2,2,6,3,66,2
273,2022-09-30 周五,22.0,7.0,2,2,6,4,68,2
274,2022-10-01 周六,12.0,10.0,1,2,1,2,27,1
275,2022-10-02 周日,19.0,8.0,4,5,6,3,53,2
276,2022-10-03 周一,7.0,0.0,6,2,1,3,21,1
277,2022-10-04 周二,8.0,0.0,1,1,8,3,16,1
278,2022-10-05 周三,8.0,-1.0,2,2,7,3,24,1
279,2022-10-06 周四,11.0,-1.0,2,1,6,2,30,1
280,2022-10-07 周五,13.0,0.0,1,1,6,2,44,1
281,2022-10-08 周六,12.0,6.0,2,6,4,2,64,2
282,2022-10-09 周日,7.0,5.0,5,5,2,3,29,1
283,2022-10-10 周一,12.0,0.0,5,2,2,4,22,1
284,2022-10-11 周二,15.0,3.0,1,1,7,3,26,1
285,2022-10-12 周三,17.0,7.0,2,2,5,3,43,1
286,2022-10-13 周四,18.0,6.0,1,1,6,3,62,2
287,2022-10-14 周五,16.0,6.0,5,2,5,2,107,3
288,2022-10-15 周六,17.0,3.0,5,1,7,3,70,2
289,2022-10-16 周日,11.0,0.0,2,2,7,3,29,1
290,2022-10-17 周一,7.0,-3.0,1,1,8,3,20,1
291,2022-10-18 周二,9.0,-1.0,1,1,7,2,26,1
292,2022-10-19 周三,14.0,3.0,2,1,6,3,56,2
293,2022-10-20 周四,17.0,11.0,2,2,6,3,73,2
294,2022-10-21 周五,16.0,0.0,2,2,6,4,69,2
295,2022-10-22 周六,10.0,-1.0,2,11,8,2,32,1
296,2022-10-23 周日,7.0,-3.0,2,1,8,3,26,1
297,2022-10-24 周一,8.0,-3.0,1,1,6,2,32,1
298,2022-10-25 周二,14.0,5.0,1,2,5,4,50,1
299,2022-10-26 周三,9.0,-2.0,5,11,6,4,55,2
300,2022-10-27 周四,6.0,-5.0,1,1,8,3,22,1
301,2022-10-28 周五,7.0,-7.0,1,2,1,2,58,2
302,2022-10-29 周六,8.0,-4.0,4,1,2,1,115,3
303,2022-10-30 周日,10.0,6.0,2,5,4,2,74,2
304,2022-10-31 周一,11.0,0.0,5,1,6,4,78,2
305,2022-11-01 周二,5.0,-4.0,1,1,6,4,27,1
306,2022-11-02 周三,2.0,-5.0,1,1,7,3,27,1
307,2022-11-03 周四,0.0,-8.0,1,1,7,3,35,1
308,2022-11-04 周五,1.0,-6.0,1,1,6,3,40,1
309,2022-11-05 周六,4.0,-6.0,1,1,7,3,65,2
310,2022-11-06 周日,8.0,-3.0,1,2,6,2,125,3
311,2022-11-07 周一,7.0,-3.0,2,1,6,2,174,4
312,2022-11-08 周二,9.0,0.0,2,2,6,3,57,2
313,2022-11-09 周三,10.0,-4.0,1,1,6,3,106,3
314,2022-11-10 周四,6.0,-1.0,2,2,2,2,149,3
315,2022-11-11 周五,10.0,-1.0,2,11,6,3,210,5
316,2022-11-12 周六,0.0,-8.0,2,1,1,3,132,3
317,2022-11-13 周日,0.0,-7.0,1,1,8,2,76,2
318,2022-11-14 周一,0.0,-7.0,2,2,5,3,102,3
319,2022-11-15 周二,1.0,-7.0,2,1,6,2,136,3
320,2022-11-16 周三,3.0,-5.0,2,1,6,2,110,3
321,2022-11-17 周四,5.0,-5.0,2,1,5,3,95,2
322,2022-11-18 周五,5.0,-4.0,2,2,6,3,68,2
323,2022-11-19 周六,7.0,-3.0,5,2,5,4,59,2
324,2022-11-20 周日,1.0,-10.0,1,1,6,3,32,1
325,2022-11-21 周一,-1.0,-11.0,1,1,7,2,36,1
326,2022-11-22 周二,0.0,-8.0,4,1,6,2,76,2
327,2022-11-23 周三,0.0,-9.0,2,2,2,2,76,2
328,2022-11-24 周四,0.0,-1.0,13,11,3,2,68,2
329,2022-11-25 周五,0.0,-9.0,4,14,6,2,127,3
330,2022-11-26 周六,-6.0,-12.0,2,1,7,3,30,1
331,2022-11-27 周日,-4.0,-11.0,3,2,4,2,51,2
332,2022-11-28 周一,-6.0,-11.0,2,13,2,3,41,1
333,2022-11-29 周二,-11.0,-18.0,12,2,7,4,53,2
334,2022-11-30 周三,-15.0,-21.0,2,1,6,4,24,1
335,2022-12-01 周四,-14.0,-20.0,1,1,6,3,27,1
336,2022-12-02 周五,-7.0,-17.0,1,2,6,4,46,1
337,2022-12-03 周六,-12.0,-20.0,1,1,7,3,20,1
338,2022-12-04 周日,-11.0,-19.0,1,1,6,3,29,1
339,2022-12-05 周一,-9.0,-16.0,2,1,6,3,36,1
340,2022-12-06 周二,-7.0,-14.0,2,1,6,4,33,1
341,2022-12-07 周三,-3.0,-15.0,1,1,6,2,43,1
342,2022-12-08 周四,-2.0,-14.0,4,1,6,3,52,2
343,2022-12-09 周五,-4.0,-16.0,2,1,6,2,56,2
344,2022-12-10 周六,-6.0,-16.0,1,1,6,2,46,1
345,2022-12-11 周日,-4.0,-12.0,2,2,6,2,58,2
346,2022-12-12 周一,-1.0,-14.0,2,2,6,4,101,3
347,2022-12-13 周二,-13.0,-21.0,1,2,6,4,63,2
348,2022-12-14 周三,-15.0,-24.0,2,1,7,3,33,1
349,2022-12-15 周四,-18.0,-25.0,1,1,7,3,37,1
350,2022-12-16 周五,-14.0,-24.0,1,2,7,3,28,1
351,2022-12-17 周六,-15.0,-24.0,2,2,7,3,30,1
352,2022-12-18 周日,-17.0,-25.0,2,1,7,2,37,1
353,2022-12-19 周一,-14.0,-23.0,1,1,6,3,66,2
354,2022-12-20 周二,-10.0,-15.0,4,13,5,2,83,2
355,2022-12-21 周三,-13.0,-21.0,16,13,2,3,71,2
356,2022-12-22 周四,-16.0,-23.0,2,13,8,3,37,1
357,2022-12-23 周五,-11.0,-18.0,2,2,8,3,27,1
358,2022-12-24 周六,-9.0,-21.0,2,2,8,2,59,2
359,2022-12-25 周日,-11.0,-21.0,2,1,8,2,55,2
360,2022-12-26 周一,-10.0,-23.0,2,1,6,1,160,4
361,2022-12-27 周二,-11.0,-22.0,2,14,5,1,157,4
362,2022-12-28 周三,-14.0,-22.0,4,1,6,2,149,3
363,2022-12-29 周四,-13.0,-20.0,2,1,6,3,123,3
364,2022-12-30 周五,-10.0,-17.0,2,1,6,3,99,2
365,2022-12-31 周六,-7.0,-19.0,1,1,6,3,75,2
366,2023-01-01 周日,-11.0,-22.0,1,1,7,3,36,1
367,2023-01-02 周一,-11.0,-20.0,1,1,6,3,40,1
368,2023-01-03 周二,-11.0,-20.0,1,1,6,2,61,2
369,2023-01-04 周三,-10.0,-21.0,2,1,6,3,135,3
370,2023-01-05 周四,-8.0,-21.0,2,1,6,3,136,3
371,2023-01-06 周五,-15.0,-20.0,2,2,2,1,278,5
372,2023-01-07 周六,-12.0,-25.0,2,1,6,1,274,5
373,2023-01-08 周日,-6.0,-20.0,12,2,6,3,148,3
374,2023-01-09 周一,-11.0,-22.0,2,1,6,1,105,3
375,2023-01-10 周二,-2.0,-11.0,2,1,6,4,80,2
376,2023-01-11 周三,1.0,-9.0,2,1,6,4,76,2
377,2023-01-12 周四,3.0,-11.0,3,16,6,4,73,2
378,2023-01-13 周五,-7.0,-22.0,4,1,8,4,59,2
379,2023-01-14 周六,-17.0,-26.0,1,1,8,2,29,1
380,2023-01-15 周日,-13.0,-27.0,2,1,6,3,72,2
381,2023-01-16 周一,-13.0,-20.0,1,1,6,2,59,2
382,2023-01-17 周二,-10.0,-22.0,4,1,6,2,68,2
383,2023-01-18 周三,-8.0,-14.0,2,14,5,4,54,2
384,2023-01-19 周四,-12.0,-24.0,2,14,8,2,80,2
385,2023-01-20 周五,-19.0,-29.0,2,1,8,2,63,2
386,2023-01-21 周六,-18.0,-32.0,2,1,2,2,72,2
387,2023-01-22 周日,-20.0,-31.0,2,1,1,3,102,3
388,2023-01-23 周一,-25.0,-35.0,1,1,8,3,30,1
389,2023-01-24 周二,-20.0,-29.0,1,1,6,3,37,1
390,2023-01-25 周三,-15.0,-26.0,2,1,6,2,55,2
391,2023-01-26 周四,-16.0,-29.0,2,1,1,2,96,2
392,2023-01-27 周五,-17.0,-28.0,2,1,8,2,125,3
393,2023-01-28 周六,-15.0,-24.0,2,13,8,1,92,2
394,2023-01-29 周日,-12.0,-26.0,2,2,2,2,111,3
395,2023-01-30 周一,-8.0,-23.0,2,1,6,2,169,4
396,2023-01-31 周二,-9.0,-19.0,2,13,2,2,225,5
397,2023-02-01 周三,-9.0,-22.0,2,1,8,2,140,3
398,2023-02-02 周四,-10.0,-21.0,1,1,6,2,45,1
399,2023-02-03 周五,-7.0,-21.0,2,2,5,2,112,3
400,2023-02-04 周六,-5.0,-18.0,2,1,6,2,148,3
401,2023-02-05 周日,-7.0,-21.0,2,1,8,2,95,2
402,2023-02-06 周一,-5.0,-21.0,2,1,6,2,208,5
403,2023-02-07 周二,-6.0,-19.0,2,1,6,2,103,3
404,2023-02-08 周三,-7.0,-20.0,2,1,7,2,85,2
405,2023-02-09 周四,-2.0,-10.0,4,13,4,2,87,2
406,2023-02-10 周五,-2.0,-10.0,12,2,6,2,71,2
407,2023-02-11 周六,-2.0,-17.0,12,2,6,2,112,3
408,2023-02-12 周日,-6.0,-19.0,2,1,8,2,73,2
409,2023-02-13 周一,-7.0,-19.0,4,1,7,2,118,3
410,2023-02-14 周二,-10.0,-24.0,1,1,8,3,39,1
411,2023-02-15 周三,-8.0,-20.0,2,1,6,2,70,2
412,2023-02-16 周四,-3.0,-18.0,2,1,5,3,66,2
413,2023-02-17 周五,-4.0,-17.0,2,1,7,2,97,2
414,2023-02-18 周六,-5.0,-19.0,1,1,7,2,51,2
415,2023-02-19 周日,-6.0,-19.0,4,2,7,2,55,2
416,2023-02-20 周一,-7.0,-20.0,2,1,8,3,45,1
417,2023-02-21 周二,-5.0,-13.0,1,1,6,2,50,1
418,2023-02-22 周三,0.0,-15.0,1,1,6,3,67,2
419,2023-02-23 周四,-2.0,-17.0,4,2,8,2,78,2
420,2023-02-24 周五,-4.0,-15.0,2,1,8,3,36,1
421,2023-02-25 周六,0.0,-11.0,1,1,7,3,42,1
422,2023-02-26 周日,4.0,-4.0,1,1,6,3,55,2
423,2023-02-27 周一,8.0,-2.0,2,2,6,4,245,5
424,2023-02-28 周二,0.0,-7.0,2,14,8,3,86,2
425,2023-03-01 周三,-2.0,-10.0,12,2,8,2,55,2
426,2023-03-02 周四,0.0,-13.0,2,1,6,3,53,2
427,2023-03-03 周五,3.0,-9.0,4,1,2,1,52,2
428,2023-03-04 周六,8.0,-6.0,4,1,6,2,55,2
429,2023-03-05 周日,12.0,-4.0,2,2,6,4,105,3
430,2023-03-06 周一,11.0,-1.0,4,1,8,2,80,2
431,2023-03-07 周二,7.0,-5.0,2,2,4,2,81,2
432,2023-03-08 周三,3.0,-3.0,1,14,2,1,37,1
433,2023-03-09 周四,10.0,-2.0,2,2,6,2,55,2
434,2023-03-10 周五,14.0,-4.0,2,1,4,3,110,3
435,2023-03-11 周六,3.0,-8.0,2,1,7,4,73,2
436,2023-03-12 周日,-1.0,-9.0,2,1,8,3,36,1
437,2023-03-13 周一,0.0,-9.0,1,1,8,2,42,1
438,2023-03-14 周二,1.0,-5.0,2,15,3,2,55,2
439,2023-03-15 周三,-1.0,-8.0,12,2,6,3,68,2
440,2023-03-16 周四,0.0,-8.0,12,1,7,3,54,2
441,2023-03-17 周五,5.0,-6.0,1,1,7,3,31,1
442,2023-03-18 周六,9.0,-4.0,2,1,7,3,51,2
443,2023-03-19 周日,14.0,-1.0,1,1,6,3,50,1
444,2023-03-20 周一,15.0,2.0,2,1,6,4,122,3
445,2023-03-21 周二,15.0,6.0,2,5,6,4,110,3
446,2023-03-22 周三,10.0,-4.0,5,1,6,5,298,5
447,2023-03-23 周四,1.0,-7.0,1,1,7,4,90,2
448,2023-03-24 周五,2.0,-7.0,1,1,8,2,60,2
449,2023-03-25 周六,2.0,-6.0,1,1,8,2,71,2
450,2023-03-26 周日,7.0,-5.0,11,1,7,2,64,2
451,2023-03-27 周一,11.0,-5.0,2,1,6,3,82,2
452,2023-03-28 周二,13.0,1.0,2,1,6,2,120,3
453,2023-03-29 周三,19.0,-2.0,2,2,6,4,128,3
454,2023-03-30 周四,16.0,2.0,2,1,8,2,67,2
455,2023-03-31 周五,21.0,6.0,5,1,6,2,267,5
456,2023-04-01 周六,23.0,8.0,2,2,6,4,190,4
457,2023-04-02 周日,22.0,12.0,2,1,6,4,164,4
458,2023-04-03 周一,16.0,2.0,2,2,6,3,142,3
459,2023-04-04 周二,8.0,-3.0,2,1,8,3,59,2
460,2023-04-05 周三,10.0,-1.0,2,2,1,2,148,3
461,2023-04-06 周四,11.0,-2.0,2,2,7,2,128,3
462,2023-04-07 周五,3.0,-3.0,2,14,7,4,81,2
463,2023-04-08 周六,11.0,1.0,1,1,7,3,46,1
464,2023-04-09 周日,20.0,7.0,2,2,6,4,151,4
465,2023-04-10 周一,17.0,3.0,2,5,6,4,271,5
466,2023-04-11 周二,11.0,0.0,12,2,7,4,242,5
467,2023-04-12 周三,10.0,-2.0,2,2,7,4,189,4
468,2023-04-13 周四,11.0,-1.0,5,2,8,3,50,1
469,2023-04-14 周五,11.0,-2.0,5,1,8,2,59,2
470,2023-04-15 周六,13.0,2.0,5,2,2,3,112,3
471,2023-04-16 周日,11.0,-1.0,2,2,3,3,110,3
472,2023-04-17 周一,16.0,6.0,5,5,4,3,72,2
473,2023-04-18 周二,14.0,1.0,2,2,8,4,56,2
474,2023-04-19 周三,13.0,6.0,5,5,4,2,60,2
475,2023-04-20 周四,11.0,1.0,2,1,7,6,221,5
476,2023-04-21 周五,10.0,-2.0,1,1,8,5,61,2
477,2023-04-22 周六,10.0,-1.0,5,1,8,4,29,1
478,2023-04-23 周日,11.0,-2.0,5,1,8,4,33,1
479,2023-04-24 周一,16.0,5.0,5,2,7,3,43,1
480,2023-04-25 周二,11.0,-4.0,11,2,8,2,49,1
481,2023-04-26 周三,13.0,5.0,2,1,6,3,35,1
482,2023-04-27 周四,20.0,8.0,2,8,6,4,57,2
483,2023-04-28 周五,12.0,6.0,4,5,4,3,47,1
484,2023-04-29 周六,12.0,4.0,2,5,2,3,42,1
485,2023-04-30 周日,10.0,2.0,5,2,8,3,26,1
486,2023-05-01 周一,18.0,8.0,1,1,7,3,30,1
487,2023-05-02 周二,23.0,14.0,2,2,6,5,85,2
488,2023-05-03 周三,23.0,10.0,2,8,7,3,89,2
489,2023-05-04 周四,15.0,8.0,5,2,1,3,44,1
490,2023-05-05 周五,17.0,3.0,2,1,2,4,32,1
491,2023-05-06 周六,20.0,4.0,1,1,8,2,42,1
492,2023-05-07 周日,21.0,7.0,2,1,8,2,63,2
493,2023-05-08 周一,18.0,5.0,2,1,8,4,50,1
494,2023-05-09 周二,17.0,2.0,1,1,8,5,32,1
495,2023-05-10 周三,18.0,3.0,1,1,1,2,40,1
496,2023-05-11 周四,24.0,11.0,1,2,6,2,66,2
497,2023-05-12 周五,22.0,13.0,2,5,5,4,52,2
498,2023-05-13 周六,21.0,10.0,3,2,6,4,42,1
499,2023-05-14 周日,25.0,13.0,1,8,6,3,41,1
500,2023-05-15 周一,19.0,6.0,2,2,7,4,41,1
501,2023-05-16 周二,12.0,5.0,2,2,2,3,46,1
502,2023-05-17 周三,22.0,6.0,2,1,7,2,43,1
503,2023-05-18 周四,24.0,9.0,1,1,6,3,51,2
504,2023-05-19 周五,25.0,14.0,1,8,4,3,48,1
505,2023-05-20 周六,18.0,8.0,5,2,6,4,327,6
506,2023-05-21 周日,19.0,8.0,6,1,8,3,212,5
507,2023-05-22 周一,23.0,9.0,1,1,8,3,38,1
508,2023-05-23 周二,26.0,18.0,1,2,6,3,59,2
509,2023-05-24 周三,30.0,19.0,2,2,6,5,62,2
510,2023-05-25 周四,24.0,14.0,2,8,6,5,84,2
511,2023-05-26 周五,25.0,10.0,2,2,7,4,42,1
512,2023-05-27 周六,24.0,12.0,2,2,6,3,32,1
513,2023-05-28 周日,22.0,11.0,1,1,8,3,33,1
514,2023-05-29 周一,23.0,10.0,1,1,8,3,25,1
515,2023-05-30 周二,23.0,10.0,1,1,8,2,29,1
516,2023-05-31 周三,26.0,13.0,2,8,6,4,48,1
517,2023-06-01 周四,22.0,11.0,2,1,1,1,47,1
518,2023-06-02 周五,23.0,12.0,5,2,8,3,39,1
519,2023-06-03 周六,22.0,11.0,2,2,8,4,23,1
520,2023-06-04 周日,26.0,13.0,2,1,8,3,25,1
521,2023-06-05 周一,26.0,15.0,8,2,6,2,30,1
522,2023-06-06 周二,25.0,16.0,8,2,8,3,32,1
523,2023-06-07 周三,26.0,14.0,3,2,6,3,40,1
524,2023-06-08 周四,26.0,14.0,2,2,6,3,27,1
525,2023-06-09 周五,24.0,14.0,8,2,4,2,31,1
526,2023-06-10 周六,24.0,14.0,2,2,4,2,37,1
527,2023-06-11 周日,21.0,15.0,2,2,4,3,40,1
528,2023-06-12 周一,23.0,14.0,2,2,4,1,34,1
529,2023-06-13 周二,28.0,18.0,2,1,1,1,54,2
530,2023-06-14 周三,29.0,19.0,2,2,6,3,48,1
531,2023-06-15 周四,31.0,19.0,2,2,6,3,63,2
532,2023-06-16 周五,31.0,19.0,2,2,8,3,42,1
533,2023-06-17 周六,26.0,17.0,2,1,2,2,26,1
534,2023-06-18 周日,27.0,18.0,2,1,2,3,34,1
535,2023-06-19 周一,32.0,20.0,2,8,4,2,57,2
536,2023-06-20 周二,26.0,17.0,6,8,6,3,41,1
537,2023-06-21 周三,24.0,17.0,2,2,1,1,30,1
538,2023-06-22 周四,27.0,17.0,2,1,2,2,32,1
539,2023-06-23 周五,30.0,20.0,2,2,5,2,38,1
540,2023-06-24 周六,31.0,24.0,2,2,6,4,56,2
541,2023-06-25 周日,33.0,23.0,2,1,6,4,66,2
542,2023-06-26 周一,35.0,23.0,2,8,6,3,56,2
543,2023-06-27 周二,25.0,20.0,2,8,4,2,28,1
544,2023-06-28 周三,29.0,20.0,2,2,8,2,23,1
545,2023-06-29 周四,28.0,17.0,2,8,6,3,31,1
546,2023-06-30 周五,29.0,18.0,1,8,6,2,33,1
547,2023-07-01 周六,24.0,16.0,8,2,8,2,30,1
548,2023-07-02 周日,27.0,20.0,2,8,6,1,31,1
549,2023-07-03 周一,27.0,20.0,2,2,4,3,37,1
550,2023-07-04 周二,27.0,22.0,2,2,4,3,40,1
551,2023-07-05 周三,23.0,18.0,7,8,4,4,29,1
552,2023-07-06 周四,25.0,18.0,3,8,4,3,31,1
553,2023-07-07 周五,26.0,19.0,2,8,4,2,30,1
554,2023-07-08 周六,28.0,20.0,7,8,4,2,36,1
555,2023-07-09 周日,27.0,19.0,3,6,4,2,27,1
556,2023-07-10 周一,26.0,19.0,5,8,4,1,27,1
557,2023-07-11 周二,28.0,18.0,2,2,2,2,30,1
558,2023-07-12 周三,29.0,20.0,2,1,6,1,51,2
559,2023-07-13 周四,31.0,22.0,2,2,4,2,40,1
560,2023-07-14 周五,22.0,18.0,7,6,3,4,31,1
561,2023-07-15 周六,20.0,17.0,5,5,2,3,12,1
562,2023-07-16 周日,23.0,18.0,7,5,4,1,14,1
563,2023-07-17 周一,21.0,18.0,3,2,2,2,12,1
564,2023-07-18 周二,26.0,17.0,2,1,1,1,23,1
565,2023-07-19 周三,30.0,20.0,3,8,5,2,37,1
566,2023-07-20 周四,30.0,19.0,3,2,6,2,48,1
567,2023-07-21 周五,29.0,22.0,2,2,8,1,27,1
568,2023-07-22 周六,23.0,19.0,8,7,2,3,29,1
569,2023-07-23 周日,27.0,20.0,7,8,4,3,21,1
570,2023-07-24 周一,23.0,19.0,3,2,6,4,15,1
571,2023-07-25 周二,28.0,20.0,2,2,6,2,26,1
572,2023-07-26 周三,30.0,22.0,2,8,6,3,36,1
573,2023-07-27 周四,29.0,22.0,3,8,6,4,48,1
574,2023-07-28 周五,27.0,21.0,3,8,6,3,29,1
575,2023-07-29 周六,30.0,22.0,6,2,6,4,36,1
576,2023-07-30 周日,30.0,21.0,7,2,6,3,27,1
577,2023-07-31 周一,31.0,23.0,2,2,6,2,25,1
578,2023-08-01 周二,31.0,23.0,3,5,6,4,32,1
579,2023-08-02 周三,24.0,21.0,8,6,5,2,23,1
580,2023-08-03 周四,29.0,22.0,6,6,2,1,22,1
581,2023-08-04 周五,26.0,19.0,5,2,6,2,23,1
582,2023-08-05 周六,21.0,18.0,5,2,6,2,13,1
583,2023-08-06 周日,25.0,18.0,2,5,2,3,16,1
584,2023-08-07 周一,21.0,18.0,3,2,2,3,15,1
585,2023-08-08 周二,25.0,18.0,4,5,4,2,17,1
586,2023-08-09 周三,26.0,18.0,5,2,8,2,18,1
587,2023-08-10 周四,27.0,20.0,2,2,2,2,32,1
588,2023-08-11 周五,24.0,21.0,3,6,2,4,19,1
589,2023-08-12 周六,25.0,21.0,5,5,5,3,17,1
590,2023-08-13 周日,24.0,19.0,3,2,5,2,18,1
591,2023-08-14 周一,29.0,20.0,3,1,6,2,21,1
592,2023-08-15 周二,30.0,21.0,2,1,5,2,31,1
593,2023-08-16 周三,30.0,21.0,3,1,2,2,31,1
594,2023-08-17 周四,31.0,22.0,3,2,5,1,35,1
595,2023-08-18 周五,31.0,16.0,5,8,6,2,34,1
596,2023-08-19 周六,26.0,17.0,3,2,6,1,21,1
597,2023-08-20 周日,30.0,19.0,1,2,6,2,41,1
598,2023-08-21 周一,29.0,20.0,6,8,4,2,33,1
599,2023-08-22 周二,25.0,15.0,3,1,6,4,23,1
600,2023-08-23 周三,27.0,15.0,2,1,6,3,20,1
601,2023-08-24 周四,25.0,16.0,3,2,7,2,20,1
602,2023-08-25 周五,25.0,16.0,2,5,2,2,24,1
603,2023-08-26 周六,24.0,14.0,3,2,8,3,21,1
604,2023-08-27 周日,24.0,14.0,5,2,8,2,21,1
605,2023-08-28 周一,24.0,17.0,2,5,2,2,26,1
606,2023-08-29 周二,19.0,16.0,6,5,2,4,17,1
607,2023-08-30 周三,20.0,15.0,5,5,6,3,11,1
608,2023-08-31 周四,21.0,15.0,5,2,6,3,14,1
609,2023-09-01 周五,23.0,16.0,3,1,7,3,16,1
610,2023-09-02 周六,29.0,18.0,1,1,6,3,24,1
611,2023-09-03 周日,28.0,17.0,2,8,6,3,30,1
612,2023-09-04 周一,21.0,12.0,5,1,5,1,29,1
613,2023-09-05 周二,22.0,14.0,1,2,1,2,19,1
614,2023-09-06 周三,24.0,16.0,3,2,6,2,30,1
615,2023-09-07 周四,30.0,22.0,2,5,6,4,39,1
616,2023-09-08 周五,25.0,12.0,3,1,8,3,32,1
617,2023-09-09 周六,22.0,11.0,3,2,2,2,29,1
618,2023-09-10 周日,25.0,18.0,2,2,4,2,52,2
619,2023-09-11 周一,25.0,10.0,6,2,6,3,31,1
620,2023-09-12 周二,19.0,9.0,1,1,6,2,12,1
621,2023-09-13 周三,22.0,11.0,2,1,6,2,22,1
622,2023-09-14 周四,26.0,14.0,1,1,6,3,25,1
623,2023-09-15 周五,27.0,15.0,1,1,6,3,34,1
624,2023-09-16 周六,24.0,14.0,2,2,4,2,41,1
625,2023-09-17 周日,27.0,18.0,2,5,5,2,52,2
626,2023-09-18 周一,23.0,14.0,5,5,6,3,38,1
627,2023-09-19 周二,18.0,6.0,5,1,8,3,14,1
628,2023-09-20 周三,18.0,6.0,1,1,1,1,19,1
629,2023-09-21 周四,23.0,9.0,1,2,6,3,23,1
630,2023-09-22 周五,18.0,7.0,1,1,1,3,19,1
631,2023-09-23 周六,21.0,9.0,1,1,6,3,27,1
632,2023-09-24 周日,21.0,16.0,3,5,5,3,25,1
633,2023-09-25 周一,22.0,14.0,3,2,6,3,31,1
634,2023-09-26 周二,24.0,16.0,2,5,6,3,33,1
635,2023-09-27 周三,22.0,10.0,5,1,6,3,30,1
636,2023-09-28 周四,19.0,9.0,3,2,7,3,16,1
637,2023-09-29 周五,20.0,9.0,3,5,6,2,19,1
638,2023-09-30 周六,17.0,8.0,5,2,8,3,18,1
639,2023-10-01 周日,19.0,6.0,2,1,8,2,20,1
640,2023-10-02 周一,20.0,8.0,1,2,8,2,24,1
641,2023-10-03 周二,16.0,9.0,5,5,4,3,39,1
642,2023-10-04 周三,13.0,3.0,2,1,8,4,16,1
643,2023-10-05 周四,14.0,3.0,1,1,8,3,15,1
644,2023-10-06 周五,15.0,1.0,1,1,1,3,26,1
645,2023-10-07 周六,16.0,2.0,1,2,3,2,39,1
646,2023-10-08 周日,16.0,4.0,3,2,4,2,62,2
647,2023-10-09 周一,19.0,4.0,2,1,1,2,51,2
648,2023-10-10 周二,18.0,1.0,1,1,2,2,35,1
649,2023-10-11 周三,20.0,5.0,1,1,6,2,44,1
650,2023-10-12 周四,23.0,6.0,1,1,6,2,43,1
651,2023-10-13 周五,21.0,8.0,1,1,6,2,50,1
652,2023-10-14 周六,20.0,7.0,1,2,6,3,60,2
653,2023-10-15 周日,12.0,2.0,1,1,8,4,32,1
654,2023-10-16 周一,10.0,0.0,1,1,8,4,23,1
655,2023-10-17 周二,16.0,8.0,1,2,5,3,35,1
656,2023-10-18 周三,15.0,3.0,3,2,8,3,40,1
657,2023-10-19 周四,11.0,-5.0,3,2,8,3,21,1
658,2023-10-20 周五,7.0,-4.0,3,1,8,3,26,1
659,2023-10-21 周六,7.0,1.0,2,11,7,3,23,1
660,2023-10-22 周日,12.0,3.0,1,1,8,2,35,1
661,2023-10-23 周一,19.0,9.0,1,2,6,4,50,1
662,2023-10-24 周二,17.0,1.0,1,2,6,3,78,2
663,2023-10-25 周三,18.0,3.0,2,2,5,3,68,2
664,2023-10-26 周四,10.0,-2.0,1,1,8,3,33,1
665,2023-10-27 周五,11.0,-1.0,3,1,8,2,45,1
666,2023-10-28 周六,12.0,0.0,1,1,4,2,104,3
667,2023-10-29 周日,17.0,7.0,1,2,5,3,100,2
668,2023-10-30 周一,12.0,0.0,2,2,8,3,124,3
669,2023-10-31 周二,5.0,-3.0,3,2,2,2,113,3
670,2023-11-01 周三,4.0,-1.0,3,2,1,1,45,1
671,2023-11-02 周四,12.0,-4.0,4,2,6,2,72,2
672,2023-11-03 周五,0.0,-9.0,2,1,8,3,31,1
673,2023-11-04 周六,0.0,-3.0,3,2,2,3,36,1
674,2023-11-05 周日,1.0,-3.0,3,11,2,3,42,1
675,2023-11-06 周一,-2.0,-9.0,17,15,2,5,37,1
676,2023-11-07 周二,-5.0,-17.0,13,2,7,2,29,1
677,2023-11-08 周三,-5.0,-15.0,16,2,4,2,61,2
678,2023-11-09 周四,-3.0,-18.0,13,1,6,2,60,2
679,2023-11-10 周五,-5.0,-15.0,13,2,7,3,43,1
680,2023-11-11 周六,-7.0,-15.0,13,1,6,2,53,2
681,2023-11-12 周日,-7.0,-11.0,13,1,6,2,79,2
682,2023-11-13 周一,-3.0,-12.0,13,1,6,3,50,1
683,2023-11-14 周二,0.0,-12.0,13,2,5,2,97,2
684,2023-11-15 周三,0.0,-7.0,13,13,6,2,127,3
685,2023-11-16 周四,0.0,-10.0,15,2,6,3,151,4
686,2023-11-17 周五,-3.0,-7.0,3,14,8,2,44,1
687,2023-11-18 周六,-3.0,-9.0,2,2,6,2,35,1
688,2023-11-19 周日,-1.0,-11.0,3,1,8,3,41,1
689,2023-11-20 周一,3.0,-1.0,2,1,6,4,47,1
690,2023-11-21 周二,4.0,-8.0,4,2,6,2,67,2
691,2023-11-22 周三,0.0,-9.0,17,15,2,4,77,2
692,2023-11-23 周四,-8.0,-22.0,13,1,1,4,21,1
693,2023-11-24 周五,-11.0,-21.0,3,1,7,3,27,1
694,2023-11-25 周六,-12.0,-23.0,3,2,6,2,38,1
695,2023-11-26 周日,-12.0,-19.0,4,2,2,1,80,2
696,2023-11-27 周一,-12.0,-22.0,2,2,1,1,116,3
697,2023-11-28 周二,-13.0,-21.0,4,1,6,2,70,2
698,2023-11-29 周三,-13.0,-20.0,3,1,7,3,39,1
699,2023-11-30 周四,-11.0,-22.0,3,1,6,3,38,1
700,2023-12-01 周五,-8.0,-17.0,13,1,6,2,70,2
701,2023-12-02 周六,-5.0,-17.0,13,1,6,2,71,2
702,2023-12-03 周日,-4.0,-13.0,13,1,5,4,63,2
703,2023-12-04 周一,0.0,-14.0,13,2,6,3,56,2
704,2023-12-05 周二,3.0,-8.0,13,2,5,4,134,3
705,2023-12-06 周三,-2.0,-18.0,13,2,6,3,27,1
706,2023-12-07 周四,-8.0,-15.0,13,2,6,2,34,1
707,2023-12-08 周五,2.0,-15.0,2,2,6,3,85,2
708,2023-12-09 周六,-12.0,-21.0,3,1,7,3,29,1
709,2023-12-10 周日,-15.0,-25.0,3,1,7,3,39,1
710,2023-12-11 周一,-17.0,-25.0,2,1,1,1,56,2
711,2023-12-12 周二,-16.0,-26.0,13,1,8,1,65,2
712,2023-12-13 周三,-14.0,-25.0,3,1,2,1,124,3
713,2023-12-14 周四,-17.0,-23.0,2,2,2,2,68,2
714,2023-12-15 周五,-17.0,-20.0,3,2,1,3,35,1
715,2023-12-16 周六,-18.0,-25.0,13,2,8,3,42,1
716,2023-12-17 周日,-19.0,-27.0,3,1,6,3,33,1
717,2023-12-18 周一,-18.0,-27.0,3,1,6,1,90,2
718,2023-12-19 周二,-20.0,-29.0,2,2,1,2,130,3
719,2023-12-20 周三,-21.0,-29.0,3,2,6,2,78,2
720,2023-12-21 周四,-19.0,-29.0,2,1,6,2,101,3
721,2023-12-22 周五,-15.0,-23.0,3,1,6,3,100,2
722,2023-12-23 周六,-10.0,-20.0,3,1,6,2,106,3
723,2023-12-24 周日,-12.0,-22.0,3,1,6,3,89,2
724,2023-12-25 周一,-10.0,-16.0,2,13,5,3,113,3
725,2023-12-26 周二,-16.0,-19.0,3,1,8,2,98,2
726,2023-12-27 周三,-8.0,-16.0,2,1,6,3,126,3
727,2023-12-28 周四,-6.0,-15.0,13,1,6,2,99,2
728,2023-12-29 周五,-5.0,-14.0,13,2,6,2,120,3
729,2023-12-30 周六,-10.0,-17.0,13,13,2,3,210,5
730,2023-12-31 周日,-16.0,-23.0,1,2,1,2,36,1
731,2024-01-01 周一,-9.0,-18.0,1,2,6,3,87,2
732,2024-01-02 周二,-11.0,-20.0,1,1,6,1,137,3
733,2024-01-03 周三,-9.0,-18.0,1,2,6,2,145,3
734,2024-01-04 周四,-4.0,-11.0,1,15,5,3,67,2
735,2024-01-05 周五,-10.0,-21.0,13,2,7,3,50,1
736,2024-01-06 周六,-15.0,-26.0,2,1,6,2,104,3
737,2024-01-07 周日,-14.0,-25.0,1,1,7,2,64,2
738,2024-01-08 周一,-10.0,-26.0,3,1,6,3,48,1
739,2024-01-09 周二,-13.0,-23.0,13,1,6,1,76,2
740,2024-01-10 周三,-7.0,-10.0,3,13,6,4,66,2
741,2024-01-11 周四,-11.0,-26.0,13,2,8,3,67,2
742,2024-01-12 周五,-13.0,-29.0,4,2,8,1,70,2
743,2024-01-13 周六,-13.0,-17.0,2,13,5,2,150,3
744,2024-01-14 周日,-11.0,-23.0,3,1,8,3,66,2
745,2024-01-15 周一,-11.0,-23.0,2,1,6,2,43,1
746,2024-01-16 周二,-5.0,-11.0,3,1,6,4,68,2
747,2024-01-17 周三,-7.0,-21.0,4,1,7,2,79,2
748,2024-01-18 周四,-10.0,-27.0,3,1,8,1,67,2
749,2024-01-19 周五,-15.0,-27.0,2,1,8,2,114,3
750,2024-01-20 周六,-17.0,-22.0,3,13,2,3,58,2
751,2024-01-21 周日,-19.0,-22.0,3,14,1,2,34,1
752,2024-01-22 周一,-19.0,-31.0,3,1,8,3,30,1
753,2024-01-23 周二,-16.0,-24.0,13,2,6,2,94,2
754,2024-01-24 周三,-14.0,-26.0,3,1,8,2,50,1
755,2024-01-25 周四,-9.0,-24.0,2,2,5,2,133,3
756,2024-01-26 周五,-10.0,-23.0,2,2,8,1,245,5
757,2024-01-27 周六,-10.0,-23.0,2,1,6,1,305,6
758,2024-01-28 周日,-7.0,-20.0,2,2,5,2,167,4
759,2024-01-29 周一,-14.0,-27.0,4,1,8,2,97,2
760,2024-01-30 周二,-15.0,-23.0,2,13,2,2,97,2
761,2024-01-31 周三,-16.0,-28.0,2,1,8,3,62,2
762,2024-02-01 周四,-16.0,-25.0,3,1,6,2,54,2
763,2024-02-02 周五,-13.0,-28.0,2,1,6,1,102,3
764,2024-02-03 周六,-11.0,-27.0,2,1,6,2,194,4
765,2024-02-04 周日,-10.0,-27.0,2,1,6,2,138,3
766,2024-02-05 周一,-13.0,-24.0,2,2,2,2,174,4
767,2024-02-06 周二,-9.0,-25.0,3,1,8,2,83,2
768,2024-02-07 周三,-7.0,-23.0,2,1,6,2,187,4
769,2024-02-08 周四,-5.0,-22.0,2,1,6,2,164,4
770,2024-02-09 周五,-4.0,-18.0,2,2,5,1,188,4
771,2024-02-10 周六,-6.0,-14.0,2,2,6,2,425,6
772,2024-02-11 周日,-2.0,-12.0,2,1,6,2,125,3
773,2024-02-12 周一,3.0,2.0,3,1,6,5,61,2
774,2024-02-13 周二,5.0,-6.0,2,1,6,4,78,2
775,2024-02-14 周三,-2.0,-17.0,3,1,8,3,28,1
776,2024-02-15 周四,-7.0,-17.0,3,1,7,2,31,1
777,2024-02-16 周五,1.0,-2.0,2,2,5,4,45,1
778,2024-02-17 周六,5.0,3.0,2,2,6,4,46,1
779,2024-02-18 周日,4.0,-11.0,15,13,6,3,35,1
780,2024-02-19 周一,-9.0,-18.0,3,1,8,3,24,1
781,2024-02-20 周二,-13.0,-23.0,3,1,7,3,27,1
782,2024-02-21 周三,-10.0,-21.0,3,1,7,2,29,1
783,2024-02-22 周四,-8.0,-19.0,3,1,7,2,35,1
784,2024-02-23 周五,-4.0,-17.0,3,1,7,1,55,2
785,2024-02-24 周六,-3.0,-14.0,2,2,6,1,88,2
786,2024-02-25 周日,-2.0,-15.0,2,1,8,2,147,3
787,2024-02-26 周一,-5.0,-18.0,3,1,8,2,32,1
788,2024-02-27 周二,-4.0,-9.0,3,13,4,2,66,2
789,2024-02-28 周三,-5.0,-15.0,3,2,8,2,54,2
790,2024-02-29 周四,-6.0,-13.0,13,13,6,3,62,2
791,2024-03-01 周五,-9.0,-17.0,3,1,8,3,31,1
792,2024-03-02 周六,-8.0,-17.0,3,1,6,2,35,1
793,2024-03-03 周日,-6.0,-16.0,3,1,7,2,45,1
794,2024-03-04 周一,-3.0,-12.0,3,1,7,2,39,1
795,2024-03-05 周二,-1.0,-14.0,3,1,7,2,46,1
796,2024-03-06 周三,0.0,-14.0,3,1,6,2,46,1
797,2024-03-07 周四,1.0,-11.0,4,2,6,1,60,2
798,2024-03-08 周五,-3.0,-14.0,3,1,8,3,32,1
799,2024-03-09 周六,1.0,-13.0,1,1,6,2,46,1
800,2024-03-10 周日,4.0,-7.0,4,1,6,2,76,2
801,2024-03-11 周一,3.0,-7.0,3,1,8,2,78,2
802,2024-03-12 周二,4.0,-5.0,2,1,6,2,43,1
803,2024-03-13 周三,6.0,-2.0,1,2,7,1,52,2
804,2024-03-14 周四,8.0,0.0,2,2,6,2,43,1
805,2024-03-15 周五,6.0,-5.0,2,2,8,4,42,1
806,2024-03-16 周六,1.0,-6.0,15,13,3,3,30,1
807,2024-03-17 周日,1.0,-8.0,1,1,8,3,25,1
808,2024-03-18 周一,1.0,-8.0,2,1,2,2,29,1
809,2024-03-19 周二,3.0,-7.0,3,2,7,1,38,1
810,2024-03-20 周三,3.0,-8.0,2,1,8,2,30,1
811,2024-03-21 周四,4.0,-5.0,1,1,4,2,47,1
812,2024-03-22 周五,6.0,-3.0,2,11,4,3,41,1
813,2024-03-23 周六,5.0,-6.0,11,1,6,3,56,2
814,2024-03-24 周日,5.0,-5.0,1,1,7,2,28,1
815,2024-03-25 周一,10.0,-3.0,2,1,8,1,37,1
816,2024-03-26 周二,9.0,-2.0,4,1,4,2,72,2
817,2024-03-27 周三,13.0,6.0,3,5,5,4,60,2
818,2024-03-28 周四,8.0,-4.0,3,1,6,5,172,4
819,2024-03-29 周五,3.0,-3.0,3,2,6,4,46,1
820,2024-03-30 周六,2.0,-5.0,3,2,7,3,39,1
821,2024-03-31 周日,1.0,-5.0,2,1,8,3,35,1
822,2024-04-01 周一,5.0,-4.0,1,1,8,3,43,1
823,2024-04-02 周二,10.0,-3.0,3,1,6,3,55,2
824,2024-04-03 周三,10.0,-2.0,3,2,8,3,51,2
825,2024-04-04 周四,11.0,0.0,1,1,8,3,42,1
826,2024-04-05 周五,14.0,7.0,1,2,6,4,59,2
827,2024-04-06 周六,15.0,-2.0,2,1,7,4,67,2
828,2024-04-07 周日,13.0,-5.0,3,1,6,3,38,1
829,2024-04-08 周一,2.0,-5.0,1,1,8,3,31,1
830,2024-04-09 周二,10.0,-1.0,1,1,6,3,62,2
831,2024-04-10 周三,16.0,5.0,2,1,6,3,166,4
832,2024-04-11 周四,19.0,11.0,2,5,6,4,161,4
833,2024-04-12 周五,23.0,12.0,5,2,6,4,112,3
834,2024-04-13 周六,23.0,12.0,3,1,6,4,73,2
835,2024-04-14 周日,24.0,14.0,2,2,6,5,74,2
836,2024-04-15 周一,21.0,7.0,5,5,6,2,117,3
837,2024-04-16 周二,13.0,2.0,3,1,8,3,53,2
838,2024-04-17 周三,21.0,7.0,2,2,6,2,41,1
839,2024-04-18 周四,19.0,2.0,3,1,8,3,54,2
840,2024-04-19 周五,13.0,1.0,1,1,8,4,44,1
841,2024-04-20 周六,16.0,3.0,3,2,4,3,131,3
842,2024-04-21 周日,21.0,10.0,2,2,5,3,134,3
843,2024-04-22 周一,22.0,8.0,2,5,5,4,155,4
844,2024-04-23 周二,17.0,8.0,3,2,1,1,55,2
845,2024-04-24 周三,19.0,10.0,3,2,6,3,61,2
846,2024-04-25 周四,19.0,7.0,3,2,7,4,47,1
847,2024-04-26 周五,17.0,8.0,3,2,8,3,37,1
848,2024-04-27 周六,16.0,4.0,3,2,8,3,39,1
849,2024-04-28 周日,13.0,2.0,3,1,1,3,48,1
850,2024-04-29 周一,14.0,5.0,3,2,2,2,69,2
851,2024-04-30 周二,18.0,7.0,3,1,6,2,68,2
