date,日期,星期
1,2022-01-01,6
2,2022-01-02,7
3,2022-01-03,1
4,2022-01-04,2
5,2022-01-05,3
6,2022-01-06,4
7,2022-01-07,5
8,2022-01-08,6
9,2022-01-09,7
10,2022-01-10,1
11,2022-01-11,2
12,2022-01-12,3
13,2022-01-13,4
14,2022-01-14,5
15,2022-01-15,6
16,2022-01-16,7
17,2022-01-17,1
18,2022-01-18,2
19,2022-01-19,3
20,2022-01-20,4
21,2022-01-21,5
22,2022-01-22,6
23,2022-01-23,7
24,2022-01-24,1
25,2022-01-25,2
26,2022-01-26,3
27,2022-01-27,4
28,2022-01-28,5
29,2022-01-29,6
30,2022-01-30,7
31,2022-01-31,1
32,2022-02-01,2
33,2022-02-02,3
34,2022-02-03,4
35,2022-02-04,5
36,2022-02-05,6
37,2022-02-06,7
38,2022-02-07,1
39,2022-02-08,2
40,2022-02-09,3
41,2022-02-10,4
42,2022-02-11,5
43,2022-02-12,6
44,2022-02-13,7
45,2022-02-14,1
46,2022-02-15,2
47,2022-02-16,3
48,2022-02-17,4
49,2022-02-18,5
50,2022-02-19,6
51,2022-02-20,7
52,2022-02-21,1
53,2022-02-22,2
54,2022-02-23,3
55,2022-02-24,4
56,2022-02-25,5
57,2022-02-26,6
58,2022-02-27,7
59,2022-02-28,1
60,2022-03-01,2
61,2022-03-02,3
62,2022-03-03,4
63,2022-03-04,5
64,2022-03-05,6
65,2022-03-06,7
66,2022-03-07,1
67,2022-03-08,2
68,2022-03-09,3
69,2022-03-10,4
70,2022-03-11,5
71,2022-03-12,6
72,2022-03-13,7
73,2022-03-14,1
74,2022-03-15,2
75,2022-03-16,3
76,2022-03-17,4
77,2022-03-18,5
78,2022-03-19,6
79,2022-03-20,7
80,2022-03-21,1
81,2022-03-22,2
82,2022-03-23,3
83,2022-03-24,4
84,2022-03-25,5
85,2022-03-26,6
86,2022-03-27,7
87,2022-03-28,1
88,2022-03-29,2
89,2022-03-30,3
90,2022-03-31,4
91,2022-04-01,5
92,2022-04-02,6
93,2022-04-03,7
94,2022-04-04,1
95,2022-04-05,2
96,2022-04-06,3
97,2022-04-07,4
98,2022-04-08,5
99,2022-04-09,6
100,2022-04-10,7
101,2022-04-11,1
102,2022-04-12,2
103,2022-04-13,3
104,2022-04-14,4
105,2022-04-15,5
106,2022-04-16,6
107,2022-04-17,7
108,2022-04-18,1
109,2022-04-19,2
110,2022-04-20,3
111,2022-04-21,4
112,2022-04-22,5
113,2022-04-23,6
114,2022-04-24,7
115,2022-04-25,1
116,2022-04-26,2
117,2022-04-27,3
118,2022-04-28,4
119,2022-04-29,5
120,2022-04-30,6
121,2022-05-01,7
122,2022-05-02,1
123,2022-05-03,2
124,2022-05-04,3
125,2022-05-05,4
126,2022-05-06,5
127,2022-05-07,6
128,2022-05-08,7
129,2022-05-09,1
130,2022-05-10,2
131,2022-05-11,3
132,2022-05-12,4
133,2022-05-13,5
134,2022-05-14,6
135,2022-05-15,7
136,2022-05-16,1
137,2022-05-17,2
138,2022-05-18,3
139,2022-05-19,4
140,2022-05-20,5
141,2022-05-21,6
142,2022-05-22,7
143,2022-05-23,1
144,2022-05-24,2
145,2022-05-25,3
146,2022-05-26,4
147,2022-05-27,5
148,2022-05-28,6
149,2022-05-29,7
150,2022-05-30,1
151,2022-05-31,2
152,2022-06-01,3
153,2022-06-02,4
154,2022-06-03,5
155,2022-06-04,6
156,2022-06-05,7
157,2022-06-06,1
158,2022-06-07,2
159,2022-06-08,3
160,2022-06-09,4
161,2022-06-10,5
162,2022-06-11,6
163,2022-06-12,7
164,2022-06-13,1
165,2022-06-14,2
166,2022-06-15,3
167,2022-06-16,4
168,2022-06-17,5
169,2022-06-18,6
170,2022-06-19,7
171,2022-06-20,1
172,2022-06-21,2
173,2022-06-22,3
174,2022-06-23,4
175,2022-06-24,5
176,2022-06-25,6
177,2022-06-26,7
178,2022-06-27,1
179,2022-06-28,2
180,2022-06-29,3
181,2022-06-30,4
182,2022-07-01,5
183,2022-07-02,6
184,2022-07-03,7
185,2022-07-04,1
186,2022-07-05,2
187,2022-07-06,3
188,2022-07-07,4
189,2022-07-08,5
190,2022-07-09,6
191,2022-07-10,7
192,2022-07-11,1
193,2022-07-12,2
194,2022-07-13,3
195,2022-07-14,4
196,2022-07-15,5
197,2022-07-16,6
198,2022-07-17,7
199,2022-07-18,1
200,2022-07-19,2
201,2022-07-20,3
202,2022-07-21,4
203,2022-07-22,5
204,2022-07-23,6
205,2022-07-24,7
206,2022-07-25,1
207,2022-07-26,2
208,2022-07-27,3
209,2022-07-28,4
210,2022-07-29,5
211,2022-07-30,6
212,2022-07-31,7
213,2022-08-01,1
214,2022-08-02,2
215,2022-08-03,3
216,2022-08-04,4
217,2022-08-05,5
218,2022-08-06,6
219,2022-08-07,7
220,2022-08-08,1
221,2022-08-09,2
222,2022-08-10,3
223,2022-08-11,4
224,2022-08-12,5
225,2022-08-13,6
226,2022-08-14,7
227,2022-08-15,1
228,2022-08-16,2
229,2022-08-17,3
230,2022-08-18,4
231,2022-08-19,5
232,2022-08-20,6
233,2022-08-21,7
234,2022-08-22,1
235,2022-08-23,2
236,2022-08-24,3
237,2022-08-25,4
238,2022-08-26,5
239,2022-08-27,6
240,2022-08-28,7
241,2022-08-29,1
242,2022-08-30,2
243,2022-08-31,3
244,2022-09-01,4
245,2022-09-02,5
246,2022-09-03,6
247,2022-09-04,7
248,2022-09-05,1
249,2022-09-06,2
250,2022-09-07,3
251,2022-09-08,4
252,2022-09-09,5
253,2022-09-10,6
254,2022-09-11,7
255,2022-09-12,1
256,2022-09-13,2
257,2022-09-14,3
258,2022-09-15,4
259,2022-09-16,5
260,2022-09-17,6
261,2022-09-18,7
262,2022-09-19,1
263,2022-09-20,2
264,2022-09-21,3
265,2022-09-22,4
266,2022-09-23,5
267,2022-09-24,6
268,2022-09-25,7
269,2022-09-26,1
270,2022-09-27,2
271,2022-09-28,3
272,2022-09-29,4
273,2022-09-30,5
274,2022-10-01,6
275,2022-10-02,7
276,2022-10-03,1
277,2022-10-04,2
278,2022-10-05,3
279,2022-10-06,4
280,2022-10-07,5
281,2022-10-08,6
282,2022-10-09,7
283,2022-10-10,1
284,2022-10-11,2
285,2022-10-12,3
286,2022-10-13,4
287,2022-10-14,5
288,2022-10-15,6
289,2022-10-16,7
290,2022-10-17,1
291,2022-10-18,2
292,2022-10-19,3
293,2022-10-20,4
294,2022-10-21,5
295,2022-10-22,6
296,2022-10-23,7
297,2022-10-24,1
298,2022-10-25,2
299,2022-10-26,3
300,2022-10-27,4
301,2022-10-28,5
302,2022-10-29,6
303,2022-10-30,7
304,2022-10-31,1
305,2022-11-01,2
306,2022-11-02,3
307,2022-11-03,4
308,2022-11-04,5
309,2022-11-05,6
310,2022-11-06,7
311,2022-11-07,1
312,2022-11-08,2
313,2022-11-09,3
314,2022-11-10,4
315,2022-11-11,5
316,2022-11-12,6
317,2022-11-13,7
318,2022-11-14,1
319,2022-11-15,2
320,2022-11-16,3
321,2022-11-17,4
322,2022-11-18,5
323,2022-11-19,6
324,2022-11-20,7
325,2022-11-21,1
326,2022-11-22,2
327,2022-11-23,3
328,2022-11-24,4
329,2022-11-25,5
330,2022-11-26,6
331,2022-11-27,7
332,2022-11-28,1
333,2022-11-29,2
334,2022-11-30,3
335,2022-12-01,4
336,2022-12-02,5
337,2022-12-03,6
338,2022-12-04,7
339,2022-12-05,1
340,2022-12-06,2
341,2022-12-07,3
342,2022-12-08,4
343,2022-12-09,5
344,2022-12-10,6
345,2022-12-11,7
346,2022-12-12,1
347,2022-12-13,2
348,2022-12-14,3
349,2022-12-15,4
350,2022-12-16,5
351,2022-12-17,6
352,2022-12-18,7
353,2022-12-19,1
354,2022-12-20,2
355,2022-12-21,3
356,2022-12-22,4
357,2022-12-23,5
358,2022-12-24,6
359,2022-12-25,7
360,2022-12-26,1
361,2022-12-27,2
362,2022-12-28,3
363,2022-12-29,4
364,2022-12-30,5
365,2022-12-31,6
366,2023-01-01,7
367,2023-01-02,1
368,2023-01-03,2
369,2023-01-04,3
370,2023-01-05,4
371,2023-01-06,5
372,2023-01-07,6
373,2023-01-08,7
374,2023-01-09,1
375,2023-01-10,2
376,2023-01-11,3
377,2023-01-12,4
378,2023-01-13,5
379,2023-01-14,6
380,2023-01-15,7
381,2023-01-16,1
382,2023-01-17,2
383,2023-01-18,3
384,2023-01-19,4
385,2023-01-20,5
386,2023-01-21,6
387,2023-01-22,7
388,2023-01-23,1
389,2023-01-24,2
390,2023-01-25,3
391,2023-01-26,4
392,2023-01-27,5
393,2023-01-28,6
394,2023-01-29,7
395,2023-01-30,1
396,2023-01-31,2
397,2023-02-01,3
398,2023-02-02,4
399,2023-02-03,5
400,2023-02-04,6
401,2023-02-05,7
402,2023-02-06,1
403,2023-02-07,2
404,2023-02-08,3
405,2023-02-09,4
406,2023-02-10,5
407,2023-02-11,6
408,2023-02-12,7
409,2023-02-13,1
410,2023-02-14,2
411,2023-02-15,3
412,2023-02-16,4
413,2023-02-17,5
414,2023-02-18,6
415,2023-02-19,7
416,2023-02-20,1
417,2023-02-21,2
418,2023-02-22,3
419,2023-02-23,4
420,2023-02-24,5
421,2023-02-25,6
422,2023-02-26,7
423,2023-02-27,1
424,2023-02-28,2
425,2023-03-01,3
426,2023-03-02,4
427,2023-03-03,5
428,2023-03-04,6
429,2023-03-05,7
430,2023-03-06,1
431,2023-03-07,2
432,2023-03-08,3
433,2023-03-09,4
434,2023-03-10,5
435,2023-03-11,6
436,2023-03-12,7
437,2023-03-13,1
438,2023-03-14,2
439,2023-03-15,3
440,2023-03-16,4
441,2023-03-17,5
442,2023-03-18,6
443,2023-03-19,7
444,2023-03-20,1
445,2023-03-21,2
446,2023-03-22,3
447,2023-03-23,4
448,2023-03-24,5
449,2023-03-25,6
450,2023-03-26,7
451,2023-03-27,1
452,2023-03-28,2
453,2023-03-29,3
454,2023-03-30,4
455,2023-03-31,5
456,2023-04-01,6
457,2023-04-02,7
458,2023-04-03,1
459,2023-04-04,2
460,2023-04-05,3
461,2023-04-06,4
462,2023-04-07,5
463,2023-04-08,6
464,2023-04-09,7
465,2023-04-10,1
466,2023-04-11,2
467,2023-04-12,3
468,2023-04-13,4
469,2023-04-14,5
470,2023-04-15,6
471,2023-04-16,7
472,2023-04-17,1
473,2023-04-18,2
474,2023-04-19,3
475,2023-04-20,4
476,2023-04-21,5
477,2023-04-22,6
478,2023-04-23,7
479,2023-04-24,1
480,2023-04-25,2
481,2023-04-26,3
482,2023-04-27,4
483,2023-04-28,5
484,2023-04-29,6
485,2023-04-30,7
486,2023-05-01,1
487,2023-05-02,2
488,2023-05-03,3
489,2023-05-04,4
490,2023-05-05,5
491,2023-05-06,6
492,2023-05-07,7
493,2023-05-08,1
494,2023-05-09,2
495,2023-05-10,3
496,2023-05-11,4
497,2023-05-12,5
498,2023-05-13,6
499,2023-05-14,7
500,2023-05-15,1
501,2023-05-16,2
502,2023-05-17,3
503,2023-05-18,4
504,2023-05-19,5
505,2023-05-20,6
506,2023-05-21,7
507,2023-05-22,1
508,2023-05-23,2
509,2023-05-24,3
510,2023-05-25,4
511,2023-05-26,5
512,2023-05-27,6
513,2023-05-28,7
514,2023-05-29,1
515,2023-05-30,2
516,2023-05-31,3
517,2023-06-01,4
518,2023-06-02,5
519,2023-06-03,6
520,2023-06-04,7
521,2023-06-05,1
522,2023-06-06,2
523,2023-06-07,3
524,2023-06-08,4
525,2023-06-09,5
526,2023-06-10,6
527,2023-06-11,7
528,2023-06-12,1
529,2023-06-13,2
530,2023-06-14,3
531,2023-06-15,4
532,2023-06-16,5
533,2023-06-17,6
534,2023-06-18,7
535,2023-06-19,1
536,2023-06-20,2
537,2023-06-21,3
538,2023-06-22,4
539,2023-06-23,5
540,2023-06-24,6
541,2023-06-25,7
542,2023-06-26,1
543,2023-06-27,2
544,2023-06-28,3
545,2023-06-29,4
546,2023-06-30,5
547,2023-07-01,6
548,2023-07-02,7
549,2023-07-03,1
550,2023-07-04,2
551,2023-07-05,3
552,2023-07-06,4
553,2023-07-07,5
554,2023-07-08,6
555,2023-07-09,7
556,2023-07-10,1
557,2023-07-11,2
558,2023-07-12,3
559,2023-07-13,4
560,2023-07-14,5
561,2023-07-15,6
562,2023-07-16,7
563,2023-07-17,1
564,2023-07-18,2
565,2023-07-19,3
566,2023-07-20,4
567,2023-07-21,5
568,2023-07-22,6
569,2023-07-23,7
570,2023-07-24,1
571,2023-07-25,2
572,2023-07-26,3
573,2023-07-27,4
574,2023-07-28,5
575,2023-07-29,6
576,2023-07-30,7
577,2023-07-31,1
578,2023-08-01,2
579,2023-08-02,3
580,2023-08-03,4
581,2023-08-04,5
582,2023-08-05,6
583,2023-08-06,7
584,2023-08-07,1
585,2023-08-08,2
586,2023-08-09,3
587,2023-08-10,4
588,2023-08-11,5
589,2023-08-12,6
590,2023-08-13,7
591,2023-08-14,1
592,2023-08-15,2
593,2023-08-16,3
594,2023-08-17,4
595,2023-08-18,5
596,2023-08-19,6
597,2023-08-20,7
598,2023-08-21,1
599,2023-08-22,2
600,2023-08-23,3
601,2023-08-24,4
602,2023-08-25,5
603,2023-08-26,6
604,2023-08-27,7
605,2023-08-28,1
606,2023-08-29,2
607,2023-08-30,3
608,2023-08-31,4
609,2023-09-01,5
610,2023-09-02,6
611,2023-09-03,7
612,2023-09-04,1
613,2023-09-05,2
614,2023-09-06,3
615,2023-09-07,4
616,2023-09-08,5
617,2023-09-09,6
618,2023-09-10,7
619,2023-09-11,1
620,2023-09-12,2
621,2023-09-13,3
622,2023-09-14,4
623,2023-09-15,5
624,2023-09-16,6
625,2023-09-17,7
626,2023-09-18,1
627,2023-09-19,2
628,2023-09-20,3
629,2023-09-21,4
630,2023-09-22,5
631,2023-09-23,6
632,2023-09-24,7
633,2023-09-25,1
634,2023-09-26,2
635,2023-09-27,3
636,2023-09-28,4
637,2023-09-29,5
638,2023-09-30,6
639,2023-10-01,7
640,2023-10-02,1
641,2023-10-03,2
642,2023-10-04,3
643,2023-10-05,4
644,2023-10-06,5
645,2023-10-07,6
646,2023-10-08,7
647,2023-10-09,1
648,2023-10-10,2
649,2023-10-11,3
650,2023-10-12,4
651,2023-10-13,5
652,2023-10-14,6
653,2023-10-15,7
654,2023-10-16,1
655,2023-10-17,2
656,2023-10-18,3
657,2023-10-19,4
658,2023-10-20,5
659,2023-10-21,6
660,2023-10-22,7
661,2023-10-23,1
662,2023-10-24,2
663,2023-10-25,3
664,2023-10-26,4
665,2023-10-27,5
666,2023-10-28,6
667,2023-10-29,7
668,2023-10-30,1
669,2023-10-31,2
670,2023-11-01,3
671,2023-11-02,4
672,2023-11-03,5
673,2023-11-04,6
674,2023-11-05,7
675,2023-11-06,1
676,2023-11-07,2
677,2023-11-08,3
678,2023-11-09,4
679,2023-11-10,5
680,2023-11-11,6
681,2023-11-12,7
682,2023-11-13,1
683,2023-11-14,2
684,2023-11-15,3
685,2023-11-16,4
686,2023-11-17,5
687,2023-11-18,6
688,2023-11-19,7
689,2023-11-20,1
690,2023-11-21,2
691,2023-11-22,3
692,2023-11-23,4
693,2023-11-24,5
694,2023-11-25,6
695,2023-11-26,7
696,2023-11-27,1
697,2023-11-28,2
698,2023-11-29,3
699,2023-11-30,4
700,2023-12-01,5
701,2023-12-02,6
702,2023-12-03,7
703,2023-12-04,1
704,2023-12-05,2
705,2023-12-06,3
706,2023-12-07,4
707,2023-12-08,5
708,2023-12-09,6
709,2023-12-10,7
710,2023-12-11,1
711,2023-12-12,2
712,2023-12-13,3
713,2023-12-14,4
714,2023-12-15,5
715,2023-12-16,6
716,2023-12-17,7
717,2023-12-18,1
718,2023-12-19,2
719,2023-12-20,3
720,2023-12-21,4
721,2023-12-22,5
722,2023-12-23,6
723,2023-12-24,7
724,2023-12-25,1
725,2023-12-26,2
726,2023-12-27,3
727,2023-12-28,4
728,2023-12-29,5
729,2023-12-30,6
730,2023-12-31,7
731,2024-01-01,1
732,2024-01-02,2
733,2024-01-03,3
734,2024-01-04,4
735,2024-01-05,5
736,2024-01-06,6
737,2024-01-07,7
738,2024-01-08,1
739,2024-01-09,2
740,2024-01-10,3
741,2024-01-11,4
742,2024-01-12,5
743,2024-01-13,6
744,2024-01-14,7
745,2024-01-15,1
746,2024-01-16,2
747,2024-01-17,3
748,2024-01-18,4
749,2024-01-19,5
750,2024-01-20,6
751,2024-01-21,7
752,2024-01-22,1
753,2024-01-23,2
754,2024-01-24,3
755,2024-01-25,4
756,2024-01-26,5
757,2024-01-27,6
758,2024-01-28,7
759,2024-01-29,1
760,2024-01-30,2
761,2024-01-31,3
762,2024-02-01,4
763,2024-02-02,5
764,2024-02-03,6
765,2024-02-04,7
766,2024-02-05,1
767,2024-02-06,2
768,2024-02-07,3
769,2024-02-08,4
770,2024-02-09,5
771,2024-02-10,6
772,2024-02-11,7
773,2024-02-12,1
774,2024-02-13,2
775,2024-02-14,3
776,2024-02-15,4
777,2024-02-16,5
778,2024-02-17,6
779,2024-02-18,7
780,2024-02-19,1
781,2024-02-20,2
782,2024-02-21,3
783,2024-02-22,4
784,2024-02-23,5
785,2024-02-24,6
786,2024-02-25,7
787,2024-02-26,1
788,2024-02-27,2
789,2024-02-28,3
790,2024-02-29,4
791,2024-03-01,5
792,2024-03-02,6
793,2024-03-03,7
794,2024-03-04,1
795,2024-03-05,2
796,2024-03-06,3
797,2024-03-07,4
798,2024-03-08,5
799,2024-03-09,6
800,2024-03-10,7
801,2024-03-11,1
802,2024-03-12,2
803,2024-03-13,3
804,2024-03-14,4
805,2024-03-15,5
806,2024-03-16,6
807,2024-03-17,7
808,2024-03-18,1
809,2024-03-19,2
810,2024-03-20,3
811,2024-03-21,4
812,2024-03-22,5
813,2024-03-23,6
814,2024-03-24,7
815,2024-03-25,1
816,2024-03-26,2
817,2024-03-27,3
818,2024-03-28,4
819,2024-03-29,5
820,2024-03-30,6
821,2024-03-31,7
822,2024-04-01,1
823,2024-04-02,2
824,2024-04-03,3
825,2024-04-04,4
826,2024-04-05,5
827,2024-04-06,6
828,2024-04-07,7
829,2024-04-08,1
830,2024-04-09,2
831,2024-04-10,3
832,2024-04-11,4
833,2024-04-12,5
834,2024-04-13,6
835,2024-04-14,7
836,2024-04-15,1
837,2024-04-16,2
838,2024-04-17,3
839,2024-04-18,4
840,2024-04-19,5
841,2024-04-20,6
842,2024-04-21,7
843,2024-04-22,1
844,2024-04-23,2
845,2024-04-24,3
846,2024-04-25,4
847,2024-04-26,5
848,2024-04-27,6
849,2024-04-28,7
850,2024-04-29,1
851,2024-04-30,2
